NO;PASAL;PERDA;JENIS PENERTIBAN;JENIS KEGIATAN
1;Pasal 2 ayat 1;PERDA NO. 8 TAHUN 2007;TERTIB JALAN, ANGKUTAN JALAN DAN ANGKUTAN SUNGAI;PENERTIBAN
2;Pasal 2 ayat 2;PERDA NO. 8 TAHUN 2007;TERTIB JALAN, ANGKUTAN JALAN DAN ANGKUTAN SUNGAI;PENERTIBAN
3;Pasal 2 ayat 3;PERDA NO. 8 TAHUN 2007;TERTIB JALAN, ANGKUTAN JALAN DAN ANGKUTAN SUNGAI;PENERTIBAN
4;Pasal 2 ayat 1;PERDA NO. 8 TAHUN 2007;TERTIB JALAN, ANGKUTAN JALAN DAN ANGKUTAN SUNGAI;PENERTIBAN
5;Pasal 2 ayat 2;PERDA NO. 8 TAHUN 2007;TERTIB JALAN, ANGKUTAN JALAN DAN ANGKUTAN SUNGAI;PENERTIBAN
6;Pasal 2 ayat 3;PERDA NO. 8 TAHUN 2007;TERTIB JALAN, ANGKUTAN JALAN DAN ANGKUTAN SUNGAI;PENERTIBAN
7;Pasal 2 huruf 8;PERDA NO. 8 TAHUN 2007;TERTIB JALAN, ANGKUTAN JALAN DAN ANGKUTAN SUNGAI;PENERTIBAN
8;Pasal 3 huruf a;PERDA NO. 8 TAHUN 2007;TERTIB JALAN, ANGKUTAN JALAN DAN ANGKUTAN SUNGAI;PENERTIBAN
9;Pasal 3 huruf b;PERDA NO. 8 TAHUN 2007;TERTIB JALAN, ANGKUTAN JALAN DAN ANGKUTAN SUNGAI;PENERTIBAN
10;Pasal 3 huruf c;PERDA NO. 8 TAHUN 2007;TERTIB JALAN, ANGKUTAN JALAN DAN ANGKUTAN SUNGAI;PENERTIBAN
11;Pasal 3 huruf d;PERDA NO. 8 TAHUN 2007;TERTIB JALAN, ANGKUTAN JALAN DAN ANGKUTAN SUNGAI;PENERTIBAN
12;Pasal 3 huruf e;PERDA NO. 8 TAHUN 2007;TERTIB JALAN, ANGKUTAN JALAN DAN ANGKUTAN SUNGAI;PENERTIBAN
13;Pasal 3 huruf f;PERDA NO. 8 TAHUN 2007;TERTIB JALAN, ANGKUTAN JALAN DAN ANGKUTAN SUNGAI;PENERTIBAN
14;Pasal 3 huruf g;PERDA NO. 8 TAHUN 2007;TERTIB JALAN, ANGKUTAN JALAN DAN ANGKUTAN SUNGAI;PENERTIBAN
15;Pasal 3 huruf h;PERDA NO. 8 TAHUN 2007;TERTIB JALAN, ANGKUTAN JALAN DAN ANGKUTAN SUNGAI;PENERTIBAN
16;Pasal 3 huruf a;PERDA NO. 8 TAHUN 2007;TERTIB JALAN, ANGKUTAN JALAN DAN ANGKUTAN SUNGAI;PENERTIBAN
17;Pasal 3 huruf b;PERDA NO. 8 TAHUN 2007;TERTIB JALAN, ANGKUTAN JALAN DAN ANGKUTAN SUNGAI;PENERTIBAN
18;Pasal 3 huruf c;PERDA NO. 8 TAHUN 2007;TERTIB JALAN, ANGKUTAN JALAN DAN ANGKUTAN SUNGAI;PENERTIBAN
19;Pasal 5 huruf d;PERDA NO. 8 TAHUN 2007;TERTIB JALAN, ANGKUTAN JALAN DAN ANGKUTAN SUNGAI;PENERTIBAN
20;Pasal 5 huruf e;PERDA NO. 8 TAHUN 2007;TERTIB JALAN, ANGKUTAN JALAN DAN ANGKUTAN SUNGAI;PENERTIBAN
21;Pasal 5 huruf f;PERDA NO. 8 TAHUN 2007;TERTIB JALAN, ANGKUTAN JALAN DAN ANGKUTAN SUNGAI;PENERTIBAN
22;Pasal 6;PERDA NO. 8 TAHUN 2007;TERTIB JALAN, ANGKUTAN JALAN DAN ANGKUTAN SUNGAI;PENERTIBAN
23;Pasal 7 ayat 1;PERDA NO. 8 TAHUN 2007;TERTIB JALAN, ANGKUTAN JALAN DAN ANGKUTAN SUNGAI;PENERTIBAN
24;Pasal 7 ayat 2;PERDA NO. 8 TAHUN 2007;TERTIB JALAN, ANGKUTAN JALAN DAN ANGKUTAN SUNGAI;PENERTIBAN
25;Pasal 8;PERDA NO. 8 TAHUN 2007;TERTIB JALAN, ANGKUTAN JALAN DAN ANGKUTAN SUNGAI;PENERTIBAN
26;Pasal 9;PERDA NO. 8 TAHUN 2007;TERTIB JALAN, ANGKUTAN JALAN DAN ANGKUTAN SUNGAI;PENERTIBAN
27;Pasal 10;PERDA NO. 8 TAHUN 2007;TERTIB JALAN, ANGKUTAN JALAN DAN ANGKUTAN SUNGAI;PENERTIBAN
28;Pasal 11 ayat 1;PERDA NO. 8 TAHUN 2007;TERTIB JALAN, ANGKUTAN JALAN DAN ANGKUTAN SUNGAI;PENERTIBAN
29;Pasal 11 ayat 2;PERDA NO. 8 TAHUN 2007;TERTIB JALAN, ANGKUTAN JALAN DAN ANGKUTAN SUNGAI;PENERTIBAN
30;Pasal 12 huruf a;PERDA NO. 8 TAHUN 2007;TERTIB JALUR HIJAU, TAMAN DAN TEMPAT UMUM;PATROLI
31;Pasal 12 huruf b;PERDA NO. 8 TAHUN 2007;TERTIB JALUR HIJAU, TAMAN DAN TEMPAT UMUM;PENERTIBAN
32;Pasal 12 huruf c;PERDA NO. 8 TAHUN 2007;TERTIB JALUR HIJAU, TAMAN DAN TEMPAT UMUM;PATROLI
33;Pasal 12 huruf d;PERDA NO. 8 TAHUN 2007;TERTIB JALUR HIJAU, TAMAN DAN TEMPAT UMUM;PENERTIBAN
34;Pasal 12 huruf e;PERDA NO. 8 TAHUN 2007;TERTIB JALUR HIJAU, TAMAN DAN TEMPAT UMUM;PATROLI
35;Pasal 12 huruf f;PERDA NO. 8 TAHUN 2007;TERTIB JALUR HIJAU, TAMAN DAN TEMPAT UMUM;PENERTIBAN
36;Pasal 12 huruf g;PERDA NO. 8 TAHUN 2007;TERTIB JALUR HIJAU, TAMAN DAN TEMPAT UMUM;PATROLI
37;Pasal 12 huruf h;PERDA NO. 8 TAHUN 2007;TERTIB JALUR HIJAU, TAMAN DAN TEMPAT UMUM;PENERTIBAN
38;Pasal 12 huruf a;PERDA NO. 8 TAHUN 2007;TERTIB JALUR HIJAU, TAMAN DAN TEMPAT UMUM;PATROLI
39;Pasal 12 huruf b;PERDA NO. 8 TAHUN 2007;TERTIB JALUR HIJAU, TAMAN DAN TEMPAT UMUM;PENERTIBAN
40;Pasal 12 huruf c;PERDA NO. 8 TAHUN 2007;TERTIB JALUR HIJAU, TAMAN DAN TEMPAT UMUM;PATROLI
41;Pasal 12 huruf d;PERDA NO. 8 TAHUN 2007;TERTIB JALUR HIJAU, TAMAN DAN TEMPAT UMUM;PENERTIBAN
42;Pasal 12 huruf e;PERDA NO. 8 TAHUN 2007;TERTIB JALUR HIJAU, TAMAN DAN TEMPAT UMUM;PATROLI
43;Pasal 12 huruf f;PERDA NO. 8 TAHUN 2007;TERTIB JALUR HIJAU, TAMAN DAN TEMPAT UMUM;PENERTIBAN
44;Pasal 12 huruf g;PERDA NO. 8 TAHUN 2007;TERTIB JALUR HIJAU, TAMAN DAN TEMPAT UMUM;PATROLI
45;Pasal 12 huruf h;PERDA NO. 8 TAHUN 2007;TERTIB JALUR HIJAU, TAMAN DAN TEMPAT UMUM;PENERTIBAN
46;Pasal 13 huruf a;PERDA NO. 8 TAHUN 2007;TERTIB SUNGAI, SALURAN, KOLAM DAN LEPAS PANTAI;DETEKSI DAN CEGAH DINI
47;Pasal 13 huruf b;PERDA NO. 8 TAHUN 2007;TERTIB SUNGAI, SALURAN, KOLAM DAN LEPAS PANTAI;KERJA BAKTI
48;Pasal 13 huruf a;PERDA NO. 8 TAHUN 2007;TERTIB SUNGAI, SALURAN, KOLAM DAN LEPAS PANTAI;DETEKSI DAN CEGAH DINI
49;Pasal 13 huruf b;PERDA NO. 8 TAHUN 2007;TERTIB SUNGAI, SALURAN, KOLAM DAN LEPAS PANTAI;KERJA BAKTI
50;Pasal 14 ayat 1;PERDA NO. 8 TAHUN 2007;TERTIB SUNGAI, SALURAN, KOLAM DAN LEPAS PANTAI;DETEKSI DAN CEGAH DINI
51;Pasal 14 ayat 2;PERDA NO. 8 TAHUN 2007;TERTIB SUNGAI, SALURAN, KOLAM DAN LEPAS PANTAI;KERJA BAKTI
52;Pasal 14 ayat 3;PERDA NO. 8 TAHUN 2007;TERTIB SUNGAI, SALURAN, KOLAM DAN LEPAS PANTAI;DETEKSI DAN CEGAH DINI
53;Pasal 14 ayat 1;PERDA NO. 8 TAHUN 2007;TERTIB SUNGAI, SALURAN, KOLAM DAN LEPAS PANTAI;KERJA BAKTI
54;Pasal 14 ayat 2;PERDA NO. 8 TAHUN 2007;TERTIB SUNGAI, SALURAN, KOLAM DAN LEPAS PANTAI;DETEKSI DAN CEGAH DINI
55;Pasal 14 ayat 3;PERDA NO. 8 TAHUN 2007;TERTIB SUNGAI, SALURAN, KOLAM DAN LEPAS PANTAI;KERJA BAKTI
56;Pasal 15;PERDA NO. 8 TAHUN 2007;TERTIB SUNGAI, SALURAN, KOLAM DAN LEPAS PANTAI;DETEKSI DAN CEGAH DINI
57;Pasal 15;PERDA NO. 8 TAHUN 2007;TERTIB SUNGAI, SALURAN, KOLAM DAN LEPAS PANTAI;KERJA BAKTI
58;Pasal 16 ayat 1;PERDA NO. 8 TAHUN 2007;TERTIB SUNGAI, SALURAN, KOLAM DAN LEPAS PANTAI;DETEKSI DAN CEGAH DINI
59;Pasal 16 ayat 2;PERDA NO. 8 TAHUN 2007;TERTIB SUNGAI, SALURAN, KOLAM DAN LEPAS PANTAI;KERJA BAKTI
60;Pasal 16 ayat 3;PERDA NO. 8 TAHUN 2007;TERTIB SUNGAI, SALURAN, KOLAM DAN LEPAS PANTAI;DETEKSI DAN CEGAH DINI
61;Pasal 16 ayat 1;PERDA NO. 8 TAHUN 2007;TERTIB SUNGAI, SALURAN, KOLAM DAN LEPAS PANTAI;KERJA BAKTI
62;Pasal 16 ayat 2;PERDA NO. 8 TAHUN 2007;TERTIB SUNGAI, SALURAN, KOLAM DAN LEPAS PANTAI;DETEKSI DAN CEGAH DINI
63;Pasal 16 ayat 3;PERDA NO. 8 TAHUN 2007;TERTIB SUNGAI, SALURAN, KOLAM DAN LEPAS PANTAI;KERJA BAKTI
64;Pasal 17 ayat 1;PERDA NO. 8 TAHUN 2007;TERTIB LINGKUNGAN;DETEKSI DAN CEGAH DINI
65;Pasal 17 ayat 2;PERDA NO. 8 TAHUN 2007;TERTIB LINGKUNGAN;KERJA BAKTI
66;Pasal 17 ayat 3;PERDA NO. 8 TAHUN 2007;TERTIB LINGKUNGAN;DETEKSI DAN CEGAH DINI
67;Pasal 17 ayat 1;PERDA NO. 8 TAHUN 2007;TERTIB LINGKUNGAN;KERJA BAKTI
68;Pasal 17 ayat 2;PERDA NO. 8 TAHUN 2007;TERTIB LINGKUNGAN;DETEKSI DAN CEGAH DINI
69;Pasal 17 ayat 3;PERDA NO. 8 TAHUN 2007;TERTIB LINGKUNGAN;KERJA BAKTI
70;Pasal 18;PERDA NO. 8 TAHUN 2007;TERTIB LINGKUNGAN;DETEKSI DAN CEGAH DINI
71;Pasal 18;PERDA NO. 8 TAHUN 2007;TERTIB LINGKUNGAN;KERJA BAKTI
72;Pasal 19 huruf a;PERDA NO. 8 TAHUN 2007;TERTIB LINGKUNGAN;DETEKSI DAN CEGAH DINI
73;Pasal 19 huruf b;PERDA NO. 8 TAHUN 2007;TERTIB LINGKUNGAN;KERJA BAKTI
74;Pasal 19 huruf a;PERDA NO. 8 TAHUN 2007;TERTIB LINGKUNGAN;DETEKSI DAN CEGAH DINI
75;Pasal 19 huruf b;PERDA NO. 8 TAHUN 2007;TERTIB LINGKUNGAN;KERJA BAKTI
76;Pasal 20;PERDA NO. 8 TAHUN 2007;TERTIB LINGKUNGAN;DETEKSI DAN CEGAH DINI
77;Pasal 20;PERDA NO. 8 TAHUN 2007;TERTIB LINGKUNGAN;KERJA BAKTI
78;Pasal 21 huruf a;PERDA NO. 8 TAHUN 2007;TERTIB LINGKUNGAN;DETEKSI DAN CEGAH DINI
79;Pasal 21 huruf b;PERDA NO. 8 TAHUN 2007;TERTIB LINGKUNGAN;KERJA BAKTI
80;Pasal 21 huruf c;PERDA NO. 8 TAHUN 2007;TERTIB LINGKUNGAN;DETEKSI DAN CEGAH DINI
81;Pasal 21 huruf d;PERDA NO. 8 TAHUN 2007;TERTIB LINGKUNGAN;DETEKSI DAN CEGAH DINI
82;Pasal 21 huruf e;PERDA NO. 8 TAHUN 2007;TERTIB LINGKUNGAN;KERJA BAKTI
83;Pasal 21 huruf f;PERDA NO. 8 TAHUN 2007;TERTIB LINGKUNGAN;DETEKSI DAN CEGAH DINI
84;Pasal 21 huruf a;PERDA NO. 8 TAHUN 2007;TERTIB LINGKUNGAN;KERJA BAKTI
85;Pasal 21 huruf b;PERDA NO. 8 TAHUN 2007;TERTIB LINGKUNGAN;DETEKSI DAN CEGAH DINI
86;Pasal 21 huruf c;PERDA NO. 8 TAHUN 2007;TERTIB LINGKUNGAN;KERJA BAKTI
87;Pasal 21 huruf d;PERDA NO. 8 TAHUN 2007;TERTIB LINGKUNGAN;DETEKSI DAN CEGAH DINI
88;Pasal 21 huruf e;PERDA NO. 8 TAHUN 2007;TERTIB LINGKUNGAN;KERJA BAKTI
89;Pasal 21 huruf f;PERDA NO. 8 TAHUN 2007;TERTIB LINGKUNGAN;DETEKSI DAN CEGAH DINI
90;Pasal 21 huruf a;PERDA NO. 8 TAHUN 2007;TERTIB LINGKUNGAN;KERJA BAKTI
91;Pasal 21 huruf b;PERDA NO. 8 TAHUN 2007;TERTIB LINGKUNGAN;DETEKSI DAN CEGAH DINI
92;Pasal 21 huruf c;PERDA NO. 8 TAHUN 2007;TERTIB LINGKUNGAN;KERJA BAKTI
93;Pasal 21 huruf d;PERDA NO. 8 TAHUN 2007;TERTIB LINGKUNGAN;DETEKSI DAN CEGAH DINI
94;Pasal 21 huruf e;PERDA NO. 8 TAHUN 2007;TERTIB LINGKUNGAN;KERJA BAKTI
95;Pasal 21 huruf f;PERDA NO. 8 TAHUN 2007;TERTIB LINGKUNGAN;DETEKSI DAN CEGAH DINI
96;Pasal 23 ayat 1;PERDA NO. 8 TAHUN 2007;TERTIB LINGKUNGAN;KERJA BAKTI
97;Pasal 23 ayat 1;PERDA NO. 8 TAHUN 2007;TERTIB LINGKUNGAN;DETEKSI DAN CEGAH DINI
98;Pasal 25 ayat 2;PERDA NO. 8 TAHUN 2007;TERTIB TEMPAT DAN USAHA TERTENTU;PATROLI
99;Pasal 25 ayat 2;PERDA NO. 8 TAHUN 2007;TERTIB TEMPAT DAN USAHA TERTENTU;PENERTIBAN BANGUNAN
100;Pasal 25 ayat 3;PERDA NO. 8 TAHUN 2007;TERTIB TEMPAT DAN USAHA TERTENTU;PATROLI
101;Pasal 25 ayat 3;PERDA NO. 8 TAHUN 2007;TERTIB TEMPAT DAN USAHA TERTENTU;PENERTIBAN BANGUNAN
102;Pasal 27 ayat 1;PERDA NO. 8 TAHUN 2007;TERTIB TEMPAT DAN USAHA TERTENTU;PATROLI
103;Pasal 27 ayat 2;PERDA NO. 8 TAHUN 2007;TERTIB TEMPAT DAN USAHA TERTENTU;PENERTIBAN BANGUNAN
104;Pasal 27 ayat 3;PERDA NO. 8 TAHUN 2007;TERTIB TEMPAT DAN USAHA TERTENTU;PATROLI
105;Pasal 27 ayat 1;PERDA NO. 8 TAHUN 2007;TERTIB TEMPAT DAN USAHA TERTENTU;PENERTIBAN BANGUNAN
106;Pasal 27 ayat 2;PERDA NO. 8 TAHUN 2007;TERTIB TEMPAT DAN USAHA TERTENTU;PATROLI
107;Pasal 27 ayat 3;PERDA NO. 8 TAHUN 2007;TERTIB TEMPAT DAN USAHA TERTENTU;PENERTIBAN BANGUNAN
108;Pasal 28 ayat 1;PERDA NO. 8 TAHUN 2007;TERTIB TEMPAT DAN USAHA TERTENTU;PATROLI
109;Pasal 28 ayat 1;PERDA NO. 8 TAHUN 2007;TERTIB TEMPAT DAN USAHA TERTENTU;PENERTIBAN BANGUNAN
110;Pasal 29 ayat 1 huruf a;PERDA NO. 8 TAHUN 2007;TERTIB TEMPAT DAN USAHA TERTENTU;PATROLI
111;Pasal 29 ayat 1 huruf b;PERDA NO. 8 TAHUN 2007;TERTIB TEMPAT DAN USAHA TERTENTU;PENERTIBAN BANGUNAN
112;Pasal 29 ayat 1 huruf c;PERDA NO. 8 TAHUN 2007;TERTIB TEMPAT DAN USAHA TERTENTU;PATROLI
113;Pasal 29 ayat 1 huruf a;PERDA NO. 8 TAHUN 2007;TERTIB TEMPAT DAN USAHA TERTENTU;PENERTIBAN BANGUNAN
114;Pasal 29 ayat 1 huruf b;PERDA NO. 8 TAHUN 2007;TERTIB TEMPAT DAN USAHA TERTENTU;PATROLI
115;Pasal 29 ayat 1 huruf c;PERDA NO. 8 TAHUN 2007;TERTIB TEMPAT DAN USAHA TERTENTU;PENERTIBAN BANGUNAN
116;Pasal 29 ayat 3;PERDA NO. 8 TAHUN 2007;TERTIB TEMPAT DAN USAHA TERTENTU;PATROLI
117;Pasal 29 ayat 3;PERDA NO. 8 TAHUN 2007;TERTIB TEMPAT DAN USAHA TERTENTU;PENERTIBAN BANGUNAN
118;Pasal 30 ayat 1;PERDA NO. 8 TAHUN 2007;TERTIB TEMPAT DAN USAHA TERTENTU;PATROLI
119;Pasal 30 ayat 1;PERDA NO. 8 TAHUN 2007;TERTIB TEMPAT DAN USAHA TERTENTU;PENERTIBAN BANGUNAN
120;Pasal 31 ayat 1;PERDA NO. 8 TAHUN 2007;TERTIB TEMPAT DAN USAHA TERTENTU;PATROLI
121;Pasal 31 ayat 2;PERDA NO. 8 TAHUN 2007;TERTIB TEMPAT DAN USAHA TERTENTU;PENERTIBAN BANGUNAN
122;Pasal 31 ayat 3;PERDA NO. 8 TAHUN 2007;TERTIB TEMPAT DAN USAHA TERTENTU;PATROLI
123;Pasal 31 ayat 1;PERDA NO. 8 TAHUN 2007;TERTIB TEMPAT DAN USAHA TERTENTU;PENERTIBAN BANGUNAN
124;Pasal 31 ayat 2;PERDA NO. 8 TAHUN 2007;TERTIB TEMPAT DAN USAHA TERTENTU;PATROLI
125;Pasal 31 ayat 3;PERDA NO. 8 TAHUN 2007;TERTIB TEMPAT DAN USAHA TERTENTU;PENERTIBAN BANGUNAN
126;Pasal 32;PERDA NO. 8 TAHUN 2007;TERTIB TEMPAT DAN USAHA TERTENTU;PATROLI
127;Pasal 32;PERDA NO. 8 TAHUN 2007;TERTIB TEMPAT DAN USAHA TERTENTU;PENERTIBAN BANGUNAN
128;Pasal 32;PERDA NO. 8 TAHUN 2007;TERTIB TEMPAT DAN USAHA TERTENTU;PATROLI
129;Pasal 32;PERDA NO. 8 TAHUN 2007;TERTIB TEMPAT DAN USAHA TERTENTU;PENERTIBAN BANGUNAN
130;Pasal 32;PERDA NO. 8 TAHUN 2007;TERTIB TEMPAT DAN USAHA TERTENTU;PATROLI
131;Pasal 32;PERDA NO. 8 TAHUN 2007;TERTIB TEMPAT DAN USAHA TERTENTU;PENERTIBAN BANGUNAN
132;Pasal 32;PERDA NO. 8 TAHUN 2007;TERTIB TEMPAT DAN USAHA TERTENTU;PATROLI
133;Pasal 32;PERDA NO. 8 TAHUN 2007;TERTIB TEMPAT DAN USAHA TERTENTU;PENERTIBAN BANGUNAN
134;Pasal 36 ayat 1 huruf a;PERDA NO. 8 TAHUN 2007;TERTIB BANGUNAN;SIDANG TIPIRING
135;Pasal 36 ayat 1 huruf b;PERDA NO. 8 TAHUN 2007;TERTIB BANGUNAN;PENERTIBAN BANGUNAN
136;Pasal 36 ayat 1 huruf c;PERDA NO. 8 TAHUN 2007;TERTIB BANGUNAN;SIDANG TIPIRING
137;Pasal 36 ayat 1 huruf a;PERDA NO. 8 TAHUN 2007;TERTIB BANGUNAN;PENERTIBAN BANGUNAN
138;Pasal 36 ayat 1 huruf b;PERDA NO. 8 TAHUN 2007;TERTIB BANGUNAN;SIDANG TIPIRING
139;Pasal 36 ayat 1 huruf c;PERDA NO. 8 TAHUN 2007;TERTIB BANGUNAN;PENERTIBAN BANGUNAN
140;Pasal 36 ayat 2;PERDA NO. 8 TAHUN 2007;TERTIB BANGUNAN;SIDANG TIPIRING
141;Pasal 36 ayat 3;PERDA NO. 8 TAHUN 2007;TERTIB BANGUNAN;PENERTIBAN BANGUNAN
142;Pasal 36 ayat 2;PERDA NO. 8 TAHUN 2007;TERTIB BANGUNAN;SIDANG TIPIRING
143;Pasal 36 ayat 3;PERDA NO. 8 TAHUN 2007;TERTIB BANGUNAN;PENERTIBAN BANGUNAN
144;Pasal 37 ayat 1;PERDA NO. 8 TAHUN 2007;TERTIB BANGUNAN;SIDANG TIPIRING
145;Pasal 37 ayat 2;PERDA NO. 8 TAHUN 2007;TERTIB BANGUNAN;PENERTIBAN BANGUNAN
146;Pasal 37 ayat 1;PERDA NO. 8 TAHUN 2007;TERTIB BANGUNAN;SIDANG TIPIRING
147;Pasal 37 ayat 2;PERDA NO. 8 TAHUN 2007;TERTIB BANGUNAN;PENERTIBAN BANGUNAN
148;Pasal 38 ayat a;PERDA NO. 8 TAHUN 2007;TERTIB BANGUNAN;SIDANG TIPIRING
149;Pasal 38 ayat b;PERDA NO. 8 TAHUN 2007;TERTIB BANGUNAN;PENERTIBAN BANGUNAN
150;Pasal 38 ayat c;PERDA NO. 8 TAHUN 2007;TERTIB BANGUNAN;SIDANG TIPIRING
151;Pasal 38 ayat a;PERDA NO. 8 TAHUN 2007;TERTIB BANGUNAN;PENERTIBAN BANGUNAN
152;Pasal 38 huruf c;PERDA NO. 8 TAHUN 2007;TERTIB BANGUNAN;SIDANG TIPIRING
153;Pasal 38 huruf c;PERDA NO. 8 TAHUN 2007;TERTIB BANGUNAN;PENERTIBAN BANGUNAN
154;Pasal 39 ayat 1;PERDA NO. 8 TAHUN 2007;TERTIB SOSIAL;PENERTIBAN MINUMAN BERALKOHOL
155;Pasal 39 ayat 1;PERDA NO. 8 TAHUN 2007;TERTIB SOSIAL;LAPORAN MASYARAKAT
156;Pasal 39 ayat 1;PERDA NO. 8 TAHUN 2007;TERTIB SOSIAL;PENGAMANAN
157;Pasal 40 huruf a;PERDA NO. 8 TAHUN 2007;TERTIB SOSIAL;PENERTIBAN MINUMAN BERALKOHOL
158;Pasal 40 huruf b;PERDA NO. 8 TAHUN 2007;TERTIB SOSIAL;LAPORAN MASYARAKAT
159;Pasal 40 huruf c;PERDA NO. 8 TAHUN 2007;TERTIB SOSIAL;PENGAMANAN
160;Pasal 40 huruf a;PERDA NO. 8 TAHUN 2007;TERTIB SOSIAL;PENERTIBAN MINUMAN BERALKOHOL
161;Pasal 40 huruf b;PERDA NO. 8 TAHUN 2007;TERTIB SOSIAL;LAPORAN MASYARAKAT
162;Pasal 40 huruf c;PERDA NO. 8 TAHUN 2007;TERTIB SOSIAL;PENGAMANAN
163;Pasal 40 huruf a;PERDA NO. 8 TAHUN 2007;TERTIB SOSIAL;PENERTIBAN MINUMAN BERALKOHOL
164;Pasal 40 huruf b;PERDA NO. 8 TAHUN 2007;TERTIB SOSIAL;LAPORAN MASYARAKAT
165;Pasal 40 huruf c;PERDA NO. 8 TAHUN 2007;TERTIB SOSIAL;PENGAMANAN
166;Pasal 41;PERDA NO. 8 TAHUN 2007;TERTIB SOSIAL;PENERTIBAN MINUMAN BERALKOHOL
167;Pasal 41;PERDA NO. 8 TAHUN 2007;TERTIB SOSIAL;LAPORAN MASYARAKAT
168;Pasal 41;PERDA NO. 8 TAHUN 2007;TERTIB SOSIAL;PENGAMANAN
169;Pasal 42 ayat 1;PERDA NO. 8 TAHUN 2007;TERTIB SOSIAL;PENERTIBAN MINUMAN BERALKOHOL
170;Pasal 42 ayat 1;PERDA NO. 8 TAHUN 2007;TERTIB SOSIAL;LAPORAN MASYARAKAT
171;Pasal 42 ayat 1;PERDA NO. 8 TAHUN 2007;TERTIB SOSIAL;PENGAMANAN
172;Pasal 42 ayat 2 huruf a;PERDA NO. 8 TAHUN 2007;TERTIB SOSIAL;PENERTIBAN MINUMAN BERALKOHOL
173;Pasal 42 ayat 2 huruf b;PERDA NO. 8 TAHUN 2007;TERTIB SOSIAL;LAPORAN MASYARAKAT
174;Pasal 42 ayat 2 huruf c;PERDA NO. 8 TAHUN 2007;TERTIB SOSIAL;PENGAMANAN
175;Pasal 42 ayat 2 huruf a;PERDA NO. 8 TAHUN 2007;TERTIB SOSIAL;PENERTIBAN MINUMAN BERALKOHOL
176;Pasal 42 ayat 2 huruf b;PERDA NO. 8 TAHUN 2007;TERTIB SOSIAL;LAPORAN MASYARAKAT
177;Pasal 42 ayat 2 huruf c;PERDA NO. 8 TAHUN 2007;TERTIB SOSIAL;PENGAMANAN
178;Pasal 42 ayat 2 huruf a;PERDA NO. 8 TAHUN 2007;TERTIB SOSIAL;PENERTIBAN MINUMAN BERALKOHOL
179;Pasal 42 ayat 2 huruf b;PERDA NO. 8 TAHUN 2007;TERTIB SOSIAL;LAPORAN MASYARAKAT
180;Pasal 42 ayat 2 huruf c;PERDA NO. 8 TAHUN 2007;TERTIB SOSIAL;PENGAMANAN
181;Pasal 43;PERDA NO. 8 TAHUN 2007;TERTIB SOSIAL;PENERTIBAN MINUMAN BERALKOHOL
182;Pasal 44;PERDA NO. 8 TAHUN 2007;TERTIB SOSIAL;LAPORAN MASYARAKAT
183;Pasal 45;PERDA NO. 8 TAHUN 2007;TERTIB SOSIAL;PENGAMANAN
184;Pasal 43;PERDA NO. 8 TAHUN 2007;TERTIB SOSIAL;PENERTIBAN MINUMAN BERALKOHOL
185;Pasal 44;PERDA NO. 8 TAHUN 2007;TERTIB SOSIAL;LAPORAN MASYARAKAT
186;Pasal 45;PERDA NO. 8 TAHUN 2007;TERTIB SOSIAL;PENGAMANAN
187;Pasal 43;PERDA NO. 8 TAHUN 2007;TERTIB SOSIAL;PENERTIBAN MINUMAN BERALKOHOL
188;Pasal 44;PERDA NO. 8 TAHUN 2007;TERTIB SOSIAL;LAPORAN MASYARAKAT
189;Pasal 45;PERDA NO. 8 TAHUN 2007;TERTIB SOSIAL;PENGAMANAN
190;Pasal 46;PERDA NO. 8 TAHUN 2007;TERTIB SOSIAL;PENERTIBAN MINUMAN BERALKOHOL
;;;;LAPORAN MASYARAKAT
;;;;PENGAMANAN
191;Pasal 47 ayat 1 huruf a;PERDA NO. 8 TAHUN 2007;TERTIB KESEHATAN;DETEKSI DAN CEGAH DINI
192;Pasal 47 ayat 1 huruf b;PERDA NO. 8 TAHUN 2007;TERTIB KESEHATAN;DETEKSI DAN CEGAH DINI
193;Pasal 47 ayat 1 huruf c;PERDA NO. 8 TAHUN 2007;TERTIB KESEHATAN;DETEKSI DAN CEGAH DINI
194;Pasal 48 ayat 1;PERDA NO. 8 TAHUN 2007;TERTIB TEMPAT HIBURAN DAN KERAMAIAN;LAPORAN MASYARAKAT
195;Pasal 48 ayat 2;PERDA NO. 8 TAHUN 2008;TERTIB TEMPAT HIBURAN DAN KERAMAIAN;PATROLI
196;Pasal 48 ayat 3;PERDA NO. 8 TAHUN 2009;TERTIB TEMPAT HIBURAN DAN KERAMAIAN;PENGAMANAN
197;Pasal 48 ayat 1;PERDA NO. 8 TAHUN 2010;TERTIB TEMPAT HIBURAN DAN KERAMAIAN;PENERTIBAN
198;Pasal 48 ayat 2;PERDA NO. 8 TAHUN 2007;TERTIB TEMPAT HIBURAN DAN KERAMAIAN;LAPORAN MASYARAKAT
199;Pasal 48 ayat 3;PERDA NO. 8 TAHUN 2008;TERTIB TEMPAT HIBURAN DAN KERAMAIAN;PATROLI
200;Pasal 48 ayat 1;PERDA NO. 8 TAHUN 2009;TERTIB TEMPAT HIBURAN DAN KERAMAIAN;PENGAMANAN
201;Pasal 48 ayat 2;PERDA NO. 8 TAHUN 2010;TERTIB TEMPAT HIBURAN DAN KERAMAIAN;PENERTIBAN
202;Pasal 48 ayat 3;PERDA NO. 8 TAHUN 2007;TERTIB TEMPAT HIBURAN DAN KERAMAIAN;LAPORAN MASYARAKAT
203;Pasal 48 ayat 1;PERDA NO. 8 TAHUN 2007;TERTIB TEMPAT HIBURAN DAN KERAMAIAN;PATROLI
204;Pasal 48 ayat 2;PERDA NO. 8 TAHUN 2007;TERTIB TEMPAT HIBURAN DAN KERAMAIAN;PENGAMANAN
205;Pasal 48 ayat 3;PERDA NO. 8 TAHUN 2007;TERTIB TEMPAT HIBURAN DAN KERAMAIAN;PENERTIBAN
206;Pasal 49;PERDA NO. 8 TAHUN 2007;TERTIB TEMPAT HIBURAN DAN KERAMAIAN;LAPORAN MASYARAKAT
207;Pasal 51;PERDA NO. 8 TAHUN 2008;TERTIB TEMPAT HIBURAN DAN KERAMAIAN;PATROLI
208;Pasal 49;PERDA NO. 8 TAHUN 2009;TERTIB TEMPAT HIBURAN DAN KERAMAIAN;PENGAMANAN
209;Pasal 51;PERDA NO. 8 TAHUN 2010;TERTIB TEMPAT HIBURAN DAN KERAMAIAN;PENERTIBAN
210;Pasal 49;PERDA NO. 8 TAHUN 2007;TERTIB TEMPAT HIBURAN DAN KERAMAIAN;LAPORAN MASYARAKAT
211;Pasal 51;PERDA NO. 8 TAHUN 2008;TERTIB TEMPAT HIBURAN DAN KERAMAIAN;PATROLI
212;Pasal 49;PERDA NO. 8 TAHUN 2009;TERTIB TEMPAT HIBURAN DAN KERAMAIAN;PENGAMANAN
213;Pasal 51;PERDA NO. 8 TAHUN 2010;TERTIB TEMPAT HIBURAN DAN KERAMAIAN;PENERTIBAN
214;Pasal 52 ayat 1;PERDA NO. 8 TAHUN 2007;TERTIB PERAN SERTA MASYARAKAT;PEMBINAAN DAN PENYULUHAN
215;Pasal 52 ayat 3;PERDA NO. 8 TAHUN 2007;TERTIB PERAN SERTA MASYARAKAT;LAPORAN MASYARAKAT
216;Pasal 52 ayat 1;PERDA NO. 8 TAHUN 2007;TERTIB PERAN SERTA MASYARAKAT;PEMBINAAN DAN PENYULUHAN
217;Pasal 52 ayat 3;PERDA NO. 8 TAHUN 2007;TERTIB PERAN SERTA MASYARAKAT;LAPORAN MASYARAKAT
218;Pasal 53;PERDA NO. 8 TAHUN 2007;TERTIB PERAN SERTA MASYARAKAT;PEMBINAAN DAN PENYULUHAN
219;Pasal 53;PERDA NO. 8 TAHUN 2007;TERTIB PERAN SERTA MASYARAKAT;LAPORAN MASYARAKAT
220;Pasal 54 ayat 1;PERDA NO. 8 TAHUN 2007;TERTIB PERAN SERTA MASYARAKAT;PEMBINAAN DAN PENYULUHAN
221;Pasal 54 ayat 2;PERDA NO. 8 TAHUN 2007;TERTIB PERAN SERTA MASYARAKAT;LAPORAN MASYARAKAT
222;Pasal 54 ayat 1;PERDA NO. 8 TAHUN 2007;TERTIB PERAN SERTA MASYARAKAT;PEMBINAAN DAN PENYULUHAN
223;Pasal 54 ayat 2;PERDA NO. 8 TAHUN 2007;TERTIB PERAN SERTA MASYARAKAT;LAPORAN MASYARAKAT
224;Pasal 55;PERDA NO. 8 TAHUN 2007;TERTIB PERAN SERTA MASYARAKAT;PEMBINAAN DAN PENYULUHAN
225;Pasal 56;PERDA NO. 8 TAHUN 2007;TERTIB PERAN SERTA MASYARAKAT;LAPORAN MASYARAKAT
226;Pasal 55;PERDA NO. 8 TAHUN 2007;TERTIB PERAN SERTA MASYARAKAT;PEMBINAAN DAN PENYULUHAN
227;Pasal 56;PERDA NO. 8 TAHUN 2007;TERTIB PERAN SERTA MASYARAKAT;LAPORAN MASYARAKAT
228;Pasal 57 ayat 1;PERDA NO. 8 TAHUN 2007;TERTIB PERAN SERTA MASYARAKAT;PEMBINAAN DAN PENYULUHAN
229;Pasal 57 ayat 2;PERDA NO. 8 TAHUN 2007;TERTIB PERAN SERTA MASYARAKAT;LAPORAN MASYARAKAT
230;Pasal 57 ayat 3;PERDA NO. 8 TAHUN 2007;TERTIB PERAN SERTA MASYARAKAT;PEMBINAAN DAN PENYULUHAN
231;Pasal 57 ayat 4;PERDA NO. 8 TAHUN 2007;TERTIB PERAN SERTA MASYARAKAT;LAPORAN MASYARAKAT
232;Pasal 57 ayat 1;PERDA NO. 8 TAHUN 2007;TERTIB PERAN SERTA MASYARAKAT;PEMBINAAN DAN PENYULUHAN
233;Pasal 57 ayat 2;PERDA NO. 8 TAHUN 2007;TERTIB PERAN SERTA MASYARAKAT;LAPORAN MASYARAKAT
234;Pasal 57 ayat 3;PERDA NO. 8 TAHUN 2007;TERTIB PERAN SERTA MASYARAKAT;PEMBINAAN DAN PENYULUHAN
235;Pasal 57 ayat 4;PERDA NO. 8 TAHUN 2007;TERTIB PERAN SERTA MASYARAKAT;LAPORAN MASYARAKAT
236;Pasal 11 huruf a-i;PERDA NO. 9 TAHUN 2014;TERTIB PENYELENGGARAAN REKLAME;PENGAMANAN
237;Pasal 11 huruf a-i;PERDA NO. 9 TAHUN 2014;TERTIB PENYELENGGARAAN REKLAME;PENERTIBAN
238;Pasal 12 ayat 1 huruf a;PERDA NO. 9 TAHUN 2014;TERTIB PENYELENGGARAAN REKLAME;PENGAMANAN
239;Pasal 12 ayat 1 huruf b;PERDA NO. 9 TAHUN 2014;TERTIB PENYELENGGARAAN REKLAME;PENERTIBAN
240;Pasal 12 ayat 1 huruf c;PERDA NO. 9 TAHUN 2014;TERTIB PENYELENGGARAAN REKLAME;PENGAMANAN
241;Pasal 12 ayat 1 huruf a;PERDA NO. 9 TAHUN 2014;TERTIB PENYELENGGARAAN REKLAME;PENERTIBAN
242;Pasal 12 ayat 1 huruf b;PERDA NO. 9 TAHUN 2014;TERTIB PENYELENGGARAAN REKLAME;PENGAMANAN
243;Pasal 12 ayat 1 huruf c;PERDA NO. 9 TAHUN 2014;TERTIB PENYELENGGARAAN REKLAME;PENERTIBAN
244;Pasal 12 ayat 2;PERDA NO. 9 TAHUN 2014;TERTIB PENYELENGGARAAN REKLAME;PENGAMANAN
245;Pasal 12 ayat 3;PERDA NO. 9 TAHUN 2014;TERTIB PENYELENGGARAAN REKLAME;PENERTIBAN
246;Pasal 12 ayat 4;PERDA NO. 9 TAHUN 2014;TERTIB PENYELENGGARAAN REKLAME;PENGAMANAN
247;Pasal 12 ayat 5;PERDA NO. 9 TAHUN 2014;TERTIB PENYELENGGARAAN REKLAME;PENERTIBAN
248;Pasal 12 ayat 2;PERDA NO. 9 TAHUN 2014;TERTIB PENYELENGGARAAN REKLAME;PENGAMANAN
249;Pasal 12 ayat 3;PERDA NO. 9 TAHUN 2014;TERTIB PENYELENGGARAAN REKLAME;PENERTIBAN
250;Pasal 12 ayat 4;PERDA NO. 9 TAHUN 2014;TERTIB PENYELENGGARAAN REKLAME;PENGAMANAN
251;Pasal 12 ayat 5;PERDA NO. 9 TAHUN 2014;TERTIB PENYELENGGARAAN REKLAME;PENERTIBAN
252;Pasal 32;PERDA NO. 9 TAHUN 2014;TERTIB PENYELENGGARAAN REKLAME;PENGAMANAN
253;Pasal 32;PERDA NO. 9 TAHUN 2014;TERTIB PENYELENGGARAAN REKLAME;PENERTIBAN
254;Pasal 8 ayat 1 huruf a;PERDA NO.2 TAHUN 2020;TERTIB PENGGUNAAN MASKER (PPKM);KEGIATAN PPKM
255;Pasal 11;PERDA NO.2 TAHUN 2020;TERTIB PERKANTORAN / TEMPAT KERJA, TEMPAT USAHA, TEMPAT INDUSTRI, PERHOTELAN/ PENGINAPAN LAIN (PPKM);KEGIATAN PPKM
256;Pasal 11 ayat 1;PERDA NO.2 TAHUN 2020;TERTIB PERKANTORAN / TEMPAT KERJA, TEMPAT USAHA, TEMPAT INDUSTRI, PERHOTELAN/ PENGINAPAN LAIN (PPKM);KEGIATAN PPKM
257;Pasal 15;PERDA NO.2 TAHUN 2020;TERTIB WARUNG MAKAN, RUMAH MAKAN, KAFE ATAU RESTORAN (PPKM);KEGIATAN PPKM
258;Pasal 15 ayat 1;PERDA NO.2 TAHUN 2020;TERTIB WARUNG MAKAN, RUMAH MAKAN, KAFE ATAU RESTORAN (PPKM);KEGIATAN PPKM
259;Pasal 16;PERDA NO.2 TAHUN 2020;TERTIB PEDAGANG KAKI LIMA (PPKM);KEGIATAN PPKM
260;Pasal 16 ayat 1;PERDA NO.2 TAHUN 2020;TERTIB PEDAGANG KAKI LIMA (PPKM);KEGIATAN PPKM
261;Pasal 18;PERDA NO.2 TAHUN 2020;TERTIB AREA PUBLIK DAN TEMPAT LAINNYA (PPKM);KEGIATAN PPKM
262;Pasal 18 ayat 1;PERDA NO.2 TAHUN 2020;TERTIB AREA PUBLIK DAN TEMPAT LAINNYA (PPKM);KEGIATAN PPKM
263;Pasal 13 ayat 1;PERDA NO. 2 TAHUN 2005;TERTIB KAWASAN DILARANG MEROKOK (KDM);PENERTIBAN
264;Pasal 13 ayat 2;PERDA NO. 2 TAHUN 2005;TERTIB KAWASAN DILARANG MEROKOK (KDM);PENERTIBAN
265;Pasal 127 ayat 2;PERDA NO. 3 TAHUN 2013;TERTIB PENGELOLAAN SAMPAH;KERJA BAKTI
266;Pasal 127 ayat 3;PERDA NO. 3 TAHUN 2013;TERTIB PENGELOLAAN SAMPAH;KERJA BAKTI
267;Pasal 128;PERDA NO. 3 TAHUN 2013;TERTIB PENGELOLAAN SAMPAH;KERJA BAKTI
268;Pasal 129 ayat 1;PERDA NO. 3 TAHUN 2013;TERTIB PENGELOLAAN SAMPAH;KERJA BAKTI
269;Pasal 129 ayat 2;PERDA NO. 3 TAHUN 2013;TERTIB PENGELOLAAN SAMPAH;KERJA BAKTI
270;Pasal 129 ayat 3;PERDA NO. 3 TAHUN 2013;TERTIB PENGELOLAAN SAMPAH;KERJA BAKTI
271;Pasal 130 ayat 1 huruf a;PERDA NO. 3 TAHUN 2013;TERTIB PENGELOLAAN SAMPAH;KERJA BAKTI
272;Pasal 130 ayat 1 huruf b;PERDA NO. 3 TAHUN 2013;TERTIB PENGELOLAAN SAMPAH;KERJA BAKTI
273;Pasal 130 ayat 1 huruf c;PERDA NO. 3 TAHUN 2013;TERTIB PENGELOLAAN SAMPAH;KERJA BAKTI
274;Pasal 130 ayat 1 huruf d;PERDA NO. 3 TAHUN 2013;TERTIB PENGELOLAAN SAMPAH;KERJA BAKTI