  ;PASAL;PERDA;JENIS PENERTIBAN;JENIS PENYELESAIAN
1;Pasal 2 ayat 1;PERDA NO. 8 TAHUN 2007;TERTIB JALAN, ANGKUTAN JALAN DAN ANGKUTAN SUNGAI;TEGURAN LISAN
2;Pasal 2 ayat 2;PERDA NO. 8 TAHUN 2007;TERTIB JALAN, ANGKUTAN JALAN DAN ANGKUTAN SUNGAI;PERINGAN TERTULIS
3;Pasal 2 ayat 3;PERDA NO. 8 TAHUN 2007;TERTIB JALAN, ANGKUTAN JALAN DAN ANGKUTAN SUNGAI;PENGHALAUAN
4;Pasal 2 ayat 4;PERDA NO. 8 TAHUN 2007;TERTIB JALAN, ANGKUTAN JALAN DAN ANGKUTAN SUNGAI;PENJEMPUTAN
5;Pasal 2 ayat 6;PERDA NO. 8 TAHUN 2007;TERTIB JALAN, ANGKUTAN JALAN DAN ANGKUTAN SUNGAI;PEMBONGKARAN
6;Pasal 2 ayat 7;PERDA NO. 8 TAHUN 2007;TERTIB JALAN, ANGKUTAN JALAN DAN ANGKUTAN SUNGAI;PEMUSNAHAN
7;Pasal 2 ayat 1;PERDA NO. 8 TAHUN 2007;TERTIB JALAN, ANGKUTAN JALAN DAN ANGKUTAN SUNGAI;LAIN-LAIN
8;Pasal 2 ayat 2;PERDA NO. 8 TAHUN 2007;TERTIB JALAN, ANGKUTAN JALAN DAN ANGKUTAN SUNGAI;TEGURAN LISAN
9;Pasal 2 ayat 3;PERDA NO. 8 TAHUN 2007;TERTIB JALAN, ANGKUTAN JALAN DAN ANGKUTAN SUNGAI;PERINGAN TERTULIS
10;Pasal 2 ayat 4;PERDA NO. 8 TAHUN 2007;TERTIB JALAN, ANGKUTAN JALAN DAN ANGKUTAN SUNGAI;PENGHALAUAN
11;Pasal 2 ayat 6;PERDA NO. 8 TAHUN 2007;TERTIB JALAN, ANGKUTAN JALAN DAN ANGKUTAN SUNGAI;PENJEMPUTAN
12;Pasal 2 ayat 7;PERDA NO. 8 TAHUN 2007;TERTIB JALAN, ANGKUTAN JALAN DAN ANGKUTAN SUNGAI;PEMBONGKARAN
13;Pasal 2 ayat 1;PERDA NO. 8 TAHUN 2007;TERTIB JALAN, ANGKUTAN JALAN DAN ANGKUTAN SUNGAI;PEMUSNAHAN
14;Pasal 2 ayat 2;PERDA NO. 8 TAHUN 2007;TERTIB JALAN, ANGKUTAN JALAN DAN ANGKUTAN SUNGAI;LAIN-LAIN
15;Pasal 2 ayat 3;PERDA NO. 8 TAHUN 2007;TERTIB JALAN, ANGKUTAN JALAN DAN ANGKUTAN SUNGAI;TEGURAN LISAN
16;Pasal 2 ayat 4;PERDA NO. 8 TAHUN 2007;TERTIB JALAN, ANGKUTAN JALAN DAN ANGKUTAN SUNGAI;PERINGAN TERTULIS
17;Pasal 2 ayat 6;PERDA NO. 8 TAHUN 2007;TERTIB JALAN, ANGKUTAN JALAN DAN ANGKUTAN SUNGAI;PENGHALAUAN
18;Pasal 2 ayat 1;PERDA NO. 8 TAHUN 2007;TERTIB JALAN, ANGKUTAN JALAN DAN ANGKUTAN SUNGAI;PENJEMPUTAN
19;Pasal 2 ayat 2;PERDA NO. 8 TAHUN 2007;TERTIB JALAN, ANGKUTAN JALAN DAN ANGKUTAN SUNGAI;PEMBONGKARAN
20;Pasal 2 ayat 3;PERDA NO. 8 TAHUN 2007;TERTIB JALAN, ANGKUTAN JALAN DAN ANGKUTAN SUNGAI;PEMUSNAHAN
21;Pasal 2 ayat 4;PERDA NO. 8 TAHUN 2007;TERTIB JALAN, ANGKUTAN JALAN DAN ANGKUTAN SUNGAI;LAIN-LAIN
22;Pasal 2 ayat 6;PERDA NO. 8 TAHUN 2007;TERTIB JALAN, ANGKUTAN JALAN DAN ANGKUTAN SUNGAI;TEGURAN LISAN
23;Pasal 2 ayat 7;PERDA NO. 8 TAHUN 2007;TERTIB JALAN, ANGKUTAN JALAN DAN ANGKUTAN SUNGAI;PERINGAN TERTULIS
24;Pasal 2 ayat 1;PERDA NO. 8 TAHUN 2007;TERTIB JALAN, ANGKUTAN JALAN DAN ANGKUTAN SUNGAI;PENGHALAUAN
25;Pasal 2 ayat 2;PERDA NO. 8 TAHUN 2007;TERTIB JALAN, ANGKUTAN JALAN DAN ANGKUTAN SUNGAI;PENJEMPUTAN
26;Pasal 2 ayat 3;PERDA NO. 8 TAHUN 2007;TERTIB JALAN, ANGKUTAN JALAN DAN ANGKUTAN SUNGAI;PEMBONGKARAN
27;Pasal 2 ayat 4;PERDA NO. 8 TAHUN 2007;TERTIB JALAN, ANGKUTAN JALAN DAN ANGKUTAN SUNGAI;PEMUSNAHAN
28;Pasal 2 ayat 6;PERDA NO. 8 TAHUN 2007;TERTIB JALAN, ANGKUTAN JALAN DAN ANGKUTAN SUNGAI;LAIN-LAIN
29;Pasal 2 ayat 7;PERDA NO. 8 TAHUN 2007;TERTIB JALAN, ANGKUTAN JALAN DAN ANGKUTAN SUNGAI;TEGURAN LISAN
30;Pasal 2 ayat 1;PERDA NO. 8 TAHUN 2007;TERTIB JALAN, ANGKUTAN JALAN DAN ANGKUTAN SUNGAI;PERINGAN TERTULIS
31;Pasal 2 ayat 2;PERDA NO. 8 TAHUN 2007;TERTIB JALAN, ANGKUTAN JALAN DAN ANGKUTAN SUNGAI;PENGHALAUAN
32;Pasal 2 ayat 3;PERDA NO. 8 TAHUN 2007;TERTIB JALAN, ANGKUTAN JALAN DAN ANGKUTAN SUNGAI;PENJEMPUTAN
33;Pasal 2 ayat 4;PERDA NO. 8 TAHUN 2007;TERTIB JALAN, ANGKUTAN JALAN DAN ANGKUTAN SUNGAI;PEMBONGKARAN
34;Pasal 2 ayat 6;PERDA NO. 8 TAHUN 2007;TERTIB JALAN, ANGKUTAN JALAN DAN ANGKUTAN SUNGAI;PEMUSNAHAN
35;Pasal 2 ayat 7;PERDA NO. 8 TAHUN 2007;TERTIB JALAN, ANGKUTAN JALAN DAN ANGKUTAN SUNGAI;LAIN-LAIN
36;Pasal 2 ayat 1;PERDA NO. 8 TAHUN 2007;TERTIB JALAN, ANGKUTAN JALAN DAN ANGKUTAN SUNGAI;TEGURAN LISAN
37;Pasal 2 ayat 2;PERDA NO. 8 TAHUN 2007;TERTIB JALAN, ANGKUTAN JALAN DAN ANGKUTAN SUNGAI;PERINGAN TERTULIS
38;Pasal 2 ayat 3;PERDA NO. 8 TAHUN 2007;TERTIB JALAN, ANGKUTAN JALAN DAN ANGKUTAN SUNGAI;PENGHALAUAN
39;Pasal 2 ayat 4;PERDA NO. 8 TAHUN 2007;TERTIB JALAN, ANGKUTAN JALAN DAN ANGKUTAN SUNGAI;PENJEMPUTAN
40;Pasal 2 ayat 6;PERDA NO. 8 TAHUN 2007;TERTIB JALAN, ANGKUTAN JALAN DAN ANGKUTAN SUNGAI;PEMBONGKARAN
41;Pasal 2 ayat 7;PERDA NO. 8 TAHUN 2007;TERTIB JALAN, ANGKUTAN JALAN DAN ANGKUTAN SUNGAI;PEMUSNAHAN
42;Pasal 2 ayat 1;PERDA NO. 8 TAHUN 2007;TERTIB JALAN, ANGKUTAN JALAN DAN ANGKUTAN SUNGAI;LAIN-LAIN
43;Pasal 2 huruf 8;PERDA NO. 8 TAHUN 2007;TERTIB JALAN, ANGKUTAN JALAN DAN ANGKUTAN SUNGAI;TEGURAN LISAN
44;Pasal 2 huruf 8;PERDA NO. 8 TAHUN 2007;TERTIB JALAN, ANGKUTAN JALAN DAN ANGKUTAN SUNGAI;PERINGAN TERTULIS
45;Pasal 2 huruf 8;PERDA NO. 8 TAHUN 2007;TERTIB JALAN, ANGKUTAN JALAN DAN ANGKUTAN SUNGAI;PENGHALAUAN
46;Pasal 2 huruf 8;PERDA NO. 8 TAHUN 2007;TERTIB JALAN, ANGKUTAN JALAN DAN ANGKUTAN SUNGAI;PENJEMPUTAN
47;Pasal 2 huruf 8;PERDA NO. 8 TAHUN 2007;TERTIB JALAN, ANGKUTAN JALAN DAN ANGKUTAN SUNGAI;PEMBONGKARAN
48;Pasal 2 huruf 8;PERDA NO. 8 TAHUN 2007;TERTIB JALAN, ANGKUTAN JALAN DAN ANGKUTAN SUNGAI;PEMUSNAHAN
49;Pasal 2 huruf 8;PERDA NO. 8 TAHUN 2007;TERTIB JALAN, ANGKUTAN JALAN DAN ANGKUTAN SUNGAI;LAIN-LAIN
50;Pasal 3 huruf a;PERDA NO. 8 TAHUN 2007;TERTIB JALAN, ANGKUTAN JALAN DAN ANGKUTAN SUNGAI;TEGURAN LISAN
51;Pasal 3 huruf a;PERDA NO. 8 TAHUN 2007;TERTIB JALAN, ANGKUTAN JALAN DAN ANGKUTAN SUNGAI;PERINGAN TERTULIS
52;Pasal 3 huruf a;PERDA NO. 8 TAHUN 2007;TERTIB JALAN, ANGKUTAN JALAN DAN ANGKUTAN SUNGAI;PENGHALAUAN
53;Pasal 3 huruf a;PERDA NO. 8 TAHUN 2007;TERTIB JALAN, ANGKUTAN JALAN DAN ANGKUTAN SUNGAI;PENJEMPUTAN
54;Pasal 3 huruf a;PERDA NO. 8 TAHUN 2007;TERTIB JALAN, ANGKUTAN JALAN DAN ANGKUTAN SUNGAI;PEMBONGKARAN
55;Pasal 3 huruf a;PERDA NO. 8 TAHUN 2007;TERTIB JALAN, ANGKUTAN JALAN DAN ANGKUTAN SUNGAI;PEMUSNAHAN
56;Pasal 3 huruf a;PERDA NO. 8 TAHUN 2007;TERTIB JALAN, ANGKUTAN JALAN DAN ANGKUTAN SUNGAI;LAIN-LAIN
57;Pasal 3 huruf b;PERDA NO. 8 TAHUN 2007;TERTIB JALAN, ANGKUTAN JALAN DAN ANGKUTAN SUNGAI;TEGURAN LISAN
58;Pasal 3 huruf b;PERDA NO. 8 TAHUN 2007;TERTIB JALAN, ANGKUTAN JALAN DAN ANGKUTAN SUNGAI;PERINGAN TERTULIS
59;Pasal 3 huruf b;PERDA NO. 8 TAHUN 2007;TERTIB JALAN, ANGKUTAN JALAN DAN ANGKUTAN SUNGAI;PENGHALAUAN
60;Pasal 3 huruf b;PERDA NO. 8 TAHUN 2007;TERTIB JALAN, ANGKUTAN JALAN DAN ANGKUTAN SUNGAI;PENJEMPUTAN
61;Pasal 3 huruf b;PERDA NO. 8 TAHUN 2007;TERTIB JALAN, ANGKUTAN JALAN DAN ANGKUTAN SUNGAI;PEMBONGKARAN
62;Pasal 3 huruf b;PERDA NO. 8 TAHUN 2007;TERTIB JALAN, ANGKUTAN JALAN DAN ANGKUTAN SUNGAI;PEMUSNAHAN
63;Pasal 3 huruf b;PERDA NO. 8 TAHUN 2007;TERTIB JALAN, ANGKUTAN JALAN DAN ANGKUTAN SUNGAI;LAIN-LAIN
64;Pasal 3 huruf c;PERDA NO. 8 TAHUN 2007;TERTIB JALAN, ANGKUTAN JALAN DAN ANGKUTAN SUNGAI;TEGURAN LISAN
65;Pasal 3 huruf c;PERDA NO. 8 TAHUN 2007;TERTIB JALAN, ANGKUTAN JALAN DAN ANGKUTAN SUNGAI;PERINGAN TERTULIS
66;Pasal 3 huruf c;PERDA NO. 8 TAHUN 2007;TERTIB JALAN, ANGKUTAN JALAN DAN ANGKUTAN SUNGAI;PENGHALAUAN
67;Pasal 3 huruf c;PERDA NO. 8 TAHUN 2007;TERTIB JALAN, ANGKUTAN JALAN DAN ANGKUTAN SUNGAI;PENJEMPUTAN
68;Pasal 3 huruf c;PERDA NO. 8 TAHUN 2007;TERTIB JALAN, ANGKUTAN JALAN DAN ANGKUTAN SUNGAI;PEMBONGKARAN
69;Pasal 3 huruf c;PERDA NO. 8 TAHUN 2007;TERTIB JALAN, ANGKUTAN JALAN DAN ANGKUTAN SUNGAI;PEMUSNAHAN
70;Pasal 3 huruf c;PERDA NO. 8 TAHUN 2007;TERTIB JALAN, ANGKUTAN JALAN DAN ANGKUTAN SUNGAI;LAIN-LAIN
71;Pasal 3 huruf d;PERDA NO. 8 TAHUN 2007;TERTIB JALAN, ANGKUTAN JALAN DAN ANGKUTAN SUNGAI;TEGURAN LISAN
72;Pasal 3 huruf d;PERDA NO. 8 TAHUN 2007;TERTIB JALAN, ANGKUTAN JALAN DAN ANGKUTAN SUNGAI;PERINGAN TERTULIS
73;Pasal 3 huruf d;PERDA NO. 8 TAHUN 2007;TERTIB JALAN, ANGKUTAN JALAN DAN ANGKUTAN SUNGAI;PENGHALAUAN
74;Pasal 3 huruf d;PERDA NO. 8 TAHUN 2007;TERTIB JALAN, ANGKUTAN JALAN DAN ANGKUTAN SUNGAI;PENJEMPUTAN
75;Pasal 3 huruf d;PERDA NO. 8 TAHUN 2007;TERTIB JALAN, ANGKUTAN JALAN DAN ANGKUTAN SUNGAI;PEMBONGKARAN
76;Pasal 3 huruf d;PERDA NO. 8 TAHUN 2007;TERTIB JALAN, ANGKUTAN JALAN DAN ANGKUTAN SUNGAI;PEMUSNAHAN
77;Pasal 3 huruf d;PERDA NO. 8 TAHUN 2007;TERTIB JALAN, ANGKUTAN JALAN DAN ANGKUTAN SUNGAI;LAIN-LAIN
78;Pasal 3 huruf e;PERDA NO. 8 TAHUN 2007;TERTIB JALAN, ANGKUTAN JALAN DAN ANGKUTAN SUNGAI;TEGURAN LISAN
79;Pasal 3 huruf e;PERDA NO. 8 TAHUN 2007;TERTIB JALAN, ANGKUTAN JALAN DAN ANGKUTAN SUNGAI;PERINGAN TERTULIS
80;Pasal 3 huruf e;PERDA NO. 8 TAHUN 2007;TERTIB JALAN, ANGKUTAN JALAN DAN ANGKUTAN SUNGAI;PENGHALAUAN
81;Pasal 3 huruf e;PERDA NO. 8 TAHUN 2007;TERTIB JALAN, ANGKUTAN JALAN DAN ANGKUTAN SUNGAI;PENJEMPUTAN
82;Pasal 3 huruf e;PERDA NO. 8 TAHUN 2007;TERTIB JALAN, ANGKUTAN JALAN DAN ANGKUTAN SUNGAI;PEMBONGKARAN
83;Pasal 3 huruf e;PERDA NO. 8 TAHUN 2007;TERTIB JALAN, ANGKUTAN JALAN DAN ANGKUTAN SUNGAI;PEMUSNAHAN
84;Pasal 3 huruf e;PERDA NO. 8 TAHUN 2007;TERTIB JALAN, ANGKUTAN JALAN DAN ANGKUTAN SUNGAI;LAIN-LAIN
85;Pasal 3 huruf f;PERDA NO. 8 TAHUN 2007;TERTIB JALAN, ANGKUTAN JALAN DAN ANGKUTAN SUNGAI;TEGURAN LISAN
86;Pasal 3 huruf f;PERDA NO. 8 TAHUN 2007;TERTIB JALAN, ANGKUTAN JALAN DAN ANGKUTAN SUNGAI;PERINGAN TERTULIS
87;Pasal 3 huruf f;PERDA NO. 8 TAHUN 2007;TERTIB JALAN, ANGKUTAN JALAN DAN ANGKUTAN SUNGAI;PENGHALAUAN
88;Pasal 3 huruf f;PERDA NO. 8 TAHUN 2007;TERTIB JALAN, ANGKUTAN JALAN DAN ANGKUTAN SUNGAI;PENJEMPUTAN
89;Pasal 3 huruf f;PERDA NO. 8 TAHUN 2007;TERTIB JALAN, ANGKUTAN JALAN DAN ANGKUTAN SUNGAI;PEMBONGKARAN
90;Pasal 3 huruf f;PERDA NO. 8 TAHUN 2007;TERTIB JALAN, ANGKUTAN JALAN DAN ANGKUTAN SUNGAI;PEMUSNAHAN
91;Pasal 3 huruf f;PERDA NO. 8 TAHUN 2007;TERTIB JALAN, ANGKUTAN JALAN DAN ANGKUTAN SUNGAI;LAIN-LAIN
92;Pasal 3 huruf g;PERDA NO. 8 TAHUN 2007;TERTIB JALAN, ANGKUTAN JALAN DAN ANGKUTAN SUNGAI;TEGURAN LISAN
93;Pasal 3 huruf g;PERDA NO. 8 TAHUN 2007;TERTIB JALAN, ANGKUTAN JALAN DAN ANGKUTAN SUNGAI;PERINGAN TERTULIS
94;Pasal 3 huruf g;PERDA NO. 8 TAHUN 2007;TERTIB JALAN, ANGKUTAN JALAN DAN ANGKUTAN SUNGAI;PENGHALAUAN
95;Pasal 3 huruf g;PERDA NO. 8 TAHUN 2007;TERTIB JALAN, ANGKUTAN JALAN DAN ANGKUTAN SUNGAI;PENJEMPUTAN
96;Pasal 3 huruf g;PERDA NO. 8 TAHUN 2007;TERTIB JALAN, ANGKUTAN JALAN DAN ANGKUTAN SUNGAI;PEMBONGKARAN
97;Pasal 3 huruf g;PERDA NO. 8 TAHUN 2007;TERTIB JALAN, ANGKUTAN JALAN DAN ANGKUTAN SUNGAI;PEMUSNAHAN
98;Pasal 3 huruf g;PERDA NO. 8 TAHUN 2007;TERTIB JALAN, ANGKUTAN JALAN DAN ANGKUTAN SUNGAI;LAIN-LAIN
99;Pasal 3 huruf h;PERDA NO. 8 TAHUN 2007;TERTIB JALAN, ANGKUTAN JALAN DAN ANGKUTAN SUNGAI;TEGURAN LISAN
100;Pasal 3 huruf h;PERDA NO. 8 TAHUN 2007;TERTIB JALAN, ANGKUTAN JALAN DAN ANGKUTAN SUNGAI;PERINGAN TERTULIS
101;Pasal 3 huruf h;PERDA NO. 8 TAHUN 2007;TERTIB JALAN, ANGKUTAN JALAN DAN ANGKUTAN SUNGAI;PENGHALAUAN
102;Pasal 3 huruf h;PERDA NO. 8 TAHUN 2007;TERTIB JALAN, ANGKUTAN JALAN DAN ANGKUTAN SUNGAI;PENJEMPUTAN
103;Pasal 3 huruf h;PERDA NO. 8 TAHUN 2007;TERTIB JALAN, ANGKUTAN JALAN DAN ANGKUTAN SUNGAI;PEMBONGKARAN
104;Pasal 3 huruf h;PERDA NO. 8 TAHUN 2007;TERTIB JALAN, ANGKUTAN JALAN DAN ANGKUTAN SUNGAI;PEMUSNAHAN
105;Pasal 3 huruf h;PERDA NO. 8 TAHUN 2007;TERTIB JALAN, ANGKUTAN JALAN DAN ANGKUTAN SUNGAI;LAIN-LAIN
106;Pasal 3 huruf i;PERDA NO. 8 TAHUN 2007;TERTIB JALAN, ANGKUTAN JALAN DAN ANGKUTAN SUNGAI;TEGURAN LISAN
107;Pasal 3 huruf i;PERDA NO. 8 TAHUN 2007;TERTIB JALAN, ANGKUTAN JALAN DAN ANGKUTAN SUNGAI;PERINGAN TERTULIS
108;Pasal 3 huruf i;PERDA NO. 8 TAHUN 2007;TERTIB JALAN, ANGKUTAN JALAN DAN ANGKUTAN SUNGAI;PENGHALAUAN
109;Pasal 3 huruf i;PERDA NO. 8 TAHUN 2007;TERTIB JALAN, ANGKUTAN JALAN DAN ANGKUTAN SUNGAI;PENJEMPUTAN
110;Pasal 3 huruf i;PERDA NO. 8 TAHUN 2007;TERTIB JALAN, ANGKUTAN JALAN DAN ANGKUTAN SUNGAI;PEMBONGKARAN
111;Pasal 3 huruf i;PERDA NO. 8 TAHUN 2007;TERTIB JALAN, ANGKUTAN JALAN DAN ANGKUTAN SUNGAI;PEMUSNAHAN
112;Pasal 3 huruf i;PERDA NO. 8 TAHUN 2007;TERTIB JALAN, ANGKUTAN JALAN DAN ANGKUTAN SUNGAI;LAIN-LAIN
113;Pasal 3 huruf j;PERDA NO. 8 TAHUN 2007;TERTIB JALAN, ANGKUTAN JALAN DAN ANGKUTAN SUNGAI;TEGURAN LISAN
114;Pasal 3 huruf j;PERDA NO. 8 TAHUN 2007;TERTIB JALAN, ANGKUTAN JALAN DAN ANGKUTAN SUNGAI;PERINGAN TERTULIS
115;Pasal 3 huruf j;PERDA NO. 8 TAHUN 2007;TERTIB JALAN, ANGKUTAN JALAN DAN ANGKUTAN SUNGAI;PENGHALAUAN
116;Pasal 3 huruf j;PERDA NO. 8 TAHUN 2007;TERTIB JALAN, ANGKUTAN JALAN DAN ANGKUTAN SUNGAI;PENJEMPUTAN
117;Pasal 3 huruf j;PERDA NO. 8 TAHUN 2007;TERTIB JALAN, ANGKUTAN JALAN DAN ANGKUTAN SUNGAI;PEMBONGKARAN
118;Pasal 3 huruf j;PERDA NO. 8 TAHUN 2007;TERTIB JALAN, ANGKUTAN JALAN DAN ANGKUTAN SUNGAI;PEMUSNAHAN
119;Pasal 3 huruf j;PERDA NO. 8 TAHUN 2007;TERTIB JALAN, ANGKUTAN JALAN DAN ANGKUTAN SUNGAI;LAIN-LAIN
120;Pasal 3 huruf k;PERDA NO. 8 TAHUN 2007;TERTIB JALAN, ANGKUTAN JALAN DAN ANGKUTAN SUNGAI;TEGURAN LISAN
121;Pasal 3 huruf k;PERDA NO. 8 TAHUN 2007;TERTIB JALAN, ANGKUTAN JALAN DAN ANGKUTAN SUNGAI;PERINGAN TERTULIS
122;Pasal 3 huruf k;PERDA NO. 8 TAHUN 2007;TERTIB JALAN, ANGKUTAN JALAN DAN ANGKUTAN SUNGAI;PENGHALAUAN
123;Pasal 3 huruf k;PERDA NO. 8 TAHUN 2007;TERTIB JALAN, ANGKUTAN JALAN DAN ANGKUTAN SUNGAI;PENJEMPUTAN
124;Pasal 3 huruf k;PERDA NO. 8 TAHUN 2007;TERTIB JALAN, ANGKUTAN JALAN DAN ANGKUTAN SUNGAI;PEMBONGKARAN
125;Pasal 3 huruf k;PERDA NO. 8 TAHUN 2007;TERTIB JALAN, ANGKUTAN JALAN DAN ANGKUTAN SUNGAI;PEMUSNAHAN
126;Pasal 3 huruf k;PERDA NO. 8 TAHUN 2007;TERTIB JALAN, ANGKUTAN JALAN DAN ANGKUTAN SUNGAI;LAIN-LAIN
127;Pasal 5 huruf a;PERDA NO. 8 TAHUN 2007;TERTIB JALAN, ANGKUTAN JALAN DAN ANGKUTAN SUNGAI;TEGURAN LISAN
128;Pasal 5 huruf b;PERDA NO. 8 TAHUN 2007;TERTIB JALAN, ANGKUTAN JALAN DAN ANGKUTAN SUNGAI;PERINGAN TERTULIS
129;Pasal 5 huruf c;PERDA NO. 8 TAHUN 2007;TERTIB JALAN, ANGKUTAN JALAN DAN ANGKUTAN SUNGAI;PENGHALAUAN
130;Pasal 5 huruf a;PERDA NO. 8 TAHUN 2007;TERTIB JALAN, ANGKUTAN JALAN DAN ANGKUTAN SUNGAI;PENJEMPUTAN
131;Pasal 5 huruf b;PERDA NO. 8 TAHUN 2007;TERTIB JALAN, ANGKUTAN JALAN DAN ANGKUTAN SUNGAI;PEMBONGKARAN
132;Pasal 5 huruf c;PERDA NO. 8 TAHUN 2007;TERTIB JALAN, ANGKUTAN JALAN DAN ANGKUTAN SUNGAI;PEMUSNAHAN
133;Pasal 5 huruf a;PERDA NO. 8 TAHUN 2007;TERTIB JALAN, ANGKUTAN JALAN DAN ANGKUTAN SUNGAI;LAIN-LAIN
134;Pasal 5 huruf b;PERDA NO. 8 TAHUN 2007;TERTIB JALAN, ANGKUTAN JALAN DAN ANGKUTAN SUNGAI;TEGURAN LISAN
135;Pasal 5 huruf c;PERDA NO. 8 TAHUN 2007;TERTIB JALAN, ANGKUTAN JALAN DAN ANGKUTAN SUNGAI;PERINGAN TERTULIS
136;Pasal 5 huruf a;PERDA NO. 8 TAHUN 2007;TERTIB JALAN, ANGKUTAN JALAN DAN ANGKUTAN SUNGAI;PENGHALAUAN
137;Pasal 5 huruf b;PERDA NO. 8 TAHUN 2007;TERTIB JALAN, ANGKUTAN JALAN DAN ANGKUTAN SUNGAI;PENJEMPUTAN
138;Pasal 5 huruf c;PERDA NO. 8 TAHUN 2007;TERTIB JALAN, ANGKUTAN JALAN DAN ANGKUTAN SUNGAI;PEMBONGKARAN
139;Pasal 5 huruf a;PERDA NO. 8 TAHUN 2007;TERTIB JALAN, ANGKUTAN JALAN DAN ANGKUTAN SUNGAI;PEMUSNAHAN
140;Pasal 5 huruf b;PERDA NO. 8 TAHUN 2007;TERTIB JALAN, ANGKUTAN JALAN DAN ANGKUTAN SUNGAI;LAIN-LAIN
141;Pasal 5 huruf c;PERDA NO. 8 TAHUN 2007;TERTIB JALAN, ANGKUTAN JALAN DAN ANGKUTAN SUNGAI;TEGURAN LISAN
142;Pasal 5 huruf a;PERDA NO. 8 TAHUN 2007;TERTIB JALAN, ANGKUTAN JALAN DAN ANGKUTAN SUNGAI;PERINGAN TERTULIS
143;Pasal 5 huruf b;PERDA NO. 8 TAHUN 2007;TERTIB JALAN, ANGKUTAN JALAN DAN ANGKUTAN SUNGAI;PENGHALAUAN
144;Pasal 5 huruf c;PERDA NO. 8 TAHUN 2007;TERTIB JALAN, ANGKUTAN JALAN DAN ANGKUTAN SUNGAI;PENJEMPUTAN
145;Pasal 5 huruf a;PERDA NO. 8 TAHUN 2007;TERTIB JALAN, ANGKUTAN JALAN DAN ANGKUTAN SUNGAI;PEMBONGKARAN
146;Pasal 5 huruf b;PERDA NO. 8 TAHUN 2007;TERTIB JALAN, ANGKUTAN JALAN DAN ANGKUTAN SUNGAI;PEMUSNAHAN
147;Pasal 5 huruf c;PERDA NO. 8 TAHUN 2007;TERTIB JALAN, ANGKUTAN JALAN DAN ANGKUTAN SUNGAI;LAIN-LAIN
148;Pasal 6;PERDA NO. 8 TAHUN 2007;TERTIB JALAN, ANGKUTAN JALAN DAN ANGKUTAN SUNGAI;TEGURAN LISAN
149;Pasal 6;PERDA NO. 8 TAHUN 2007;TERTIB JALAN, ANGKUTAN JALAN DAN ANGKUTAN SUNGAI;PERINGAN TERTULIS
150;Pasal 6;PERDA NO. 8 TAHUN 2007;TERTIB JALAN, ANGKUTAN JALAN DAN ANGKUTAN SUNGAI;PENGHALAUAN
151;Pasal 6;PERDA NO. 8 TAHUN 2007;TERTIB JALAN, ANGKUTAN JALAN DAN ANGKUTAN SUNGAI;PENJEMPUTAN
152;Pasal 6;PERDA NO. 8 TAHUN 2007;TERTIB JALAN, ANGKUTAN JALAN DAN ANGKUTAN SUNGAI;PEMBONGKARAN
153;Pasal 6;PERDA NO. 8 TAHUN 2007;TERTIB JALAN, ANGKUTAN JALAN DAN ANGKUTAN SUNGAI;PEMUSNAHAN
154;Pasal 6;PERDA NO. 8 TAHUN 2007;TERTIB JALAN, ANGKUTAN JALAN DAN ANGKUTAN SUNGAI;LAIN-LAIN
155;Pasal 7 ayat 1;PERDA NO. 8 TAHUN 2007;TERTIB JALAN, ANGKUTAN JALAN DAN ANGKUTAN SUNGAI;TEGURAN LISAN
156;Pasal 7 ayat 2;PERDA NO. 8 TAHUN 2007;TERTIB JALAN, ANGKUTAN JALAN DAN ANGKUTAN SUNGAI;PERINGAN TERTULIS
157;Pasal 7 ayat 1;PERDA NO. 8 TAHUN 2007;TERTIB JALAN, ANGKUTAN JALAN DAN ANGKUTAN SUNGAI;PENGHALAUAN
158;Pasal 7 ayat 2;PERDA NO. 8 TAHUN 2007;TERTIB JALAN, ANGKUTAN JALAN DAN ANGKUTAN SUNGAI;PENJEMPUTAN
159;Pasal 7 ayat 1;PERDA NO. 8 TAHUN 2007;TERTIB JALAN, ANGKUTAN JALAN DAN ANGKUTAN SUNGAI;PEMBONGKARAN
160;Pasal 7 ayat 2;PERDA NO. 8 TAHUN 2007;TERTIB JALAN, ANGKUTAN JALAN DAN ANGKUTAN SUNGAI;PEMUSNAHAN
161;Pasal 7 ayat 1;PERDA NO. 8 TAHUN 2007;TERTIB JALAN, ANGKUTAN JALAN DAN ANGKUTAN SUNGAI;LAIN-LAIN
162;Pasal 7 ayat 2;PERDA NO. 8 TAHUN 2007;TERTIB JALAN, ANGKUTAN JALAN DAN ANGKUTAN SUNGAI;TEGURAN LISAN
163;Pasal 7 ayat 1;PERDA NO. 8 TAHUN 2007;TERTIB JALAN, ANGKUTAN JALAN DAN ANGKUTAN SUNGAI;PERINGAN TERTULIS
164;Pasal 7 ayat 2;PERDA NO. 8 TAHUN 2007;TERTIB JALAN, ANGKUTAN JALAN DAN ANGKUTAN SUNGAI;PENGHALAUAN
165;Pasal 7 ayat 1;PERDA NO. 8 TAHUN 2007;TERTIB JALAN, ANGKUTAN JALAN DAN ANGKUTAN SUNGAI;PENJEMPUTAN
166;Pasal 7 ayat 2;PERDA NO. 8 TAHUN 2007;TERTIB JALAN, ANGKUTAN JALAN DAN ANGKUTAN SUNGAI;PEMBONGKARAN
167;Pasal 7 ayat 1;PERDA NO. 8 TAHUN 2007;TERTIB JALAN, ANGKUTAN JALAN DAN ANGKUTAN SUNGAI;PEMUSNAHAN
168;Pasal 7 ayat 2;PERDA NO. 8 TAHUN 2007;TERTIB JALAN, ANGKUTAN JALAN DAN ANGKUTAN SUNGAI;LAIN-LAIN
169;Pasal 8;PERDA NO. 8 TAHUN 2007;TERTIB JALAN, ANGKUTAN JALAN DAN ANGKUTAN SUNGAI;TEGURAN LISAN
170;Pasal 9;PERDA NO. 8 TAHUN 2007;TERTIB JALAN, ANGKUTAN JALAN DAN ANGKUTAN SUNGAI;PERINGAN TERTULIS
171;Pasal 10;PERDA NO. 8 TAHUN 2007;TERTIB JALAN, ANGKUTAN JALAN DAN ANGKUTAN SUNGAI;PENGHALAUAN
172;Pasal 8;PERDA NO. 8 TAHUN 2007;TERTIB JALAN, ANGKUTAN JALAN DAN ANGKUTAN SUNGAI;PENJEMPUTAN
173;Pasal 9;PERDA NO. 8 TAHUN 2007;TERTIB JALAN, ANGKUTAN JALAN DAN ANGKUTAN SUNGAI;PEMBONGKARAN
174;Pasal 10;PERDA NO. 8 TAHUN 2007;TERTIB JALAN, ANGKUTAN JALAN DAN ANGKUTAN SUNGAI;PEMUSNAHAN
175;Pasal 8;PERDA NO. 8 TAHUN 2007;TERTIB JALAN, ANGKUTAN JALAN DAN ANGKUTAN SUNGAI;LAIN-LAIN
176;Pasal 9;PERDA NO. 8 TAHUN 2007;TERTIB JALAN, ANGKUTAN JALAN DAN ANGKUTAN SUNGAI;TEGURAN LISAN
177;Pasal 10;PERDA NO. 8 TAHUN 2007;TERTIB JALAN, ANGKUTAN JALAN DAN ANGKUTAN SUNGAI;PERINGAN TERTULIS
178;Pasal 8;PERDA NO. 8 TAHUN 2007;TERTIB JALAN, ANGKUTAN JALAN DAN ANGKUTAN SUNGAI;PENGHALAUAN
179;Pasal 9;PERDA NO. 8 TAHUN 2007;TERTIB JALAN, ANGKUTAN JALAN DAN ANGKUTAN SUNGAI;PENJEMPUTAN
180;Pasal 10;PERDA NO. 8 TAHUN 2007;TERTIB JALAN, ANGKUTAN JALAN DAN ANGKUTAN SUNGAI;PEMBONGKARAN
181;Pasal 8;PERDA NO. 8 TAHUN 2007;TERTIB JALAN, ANGKUTAN JALAN DAN ANGKUTAN SUNGAI;PEMUSNAHAN
182;Pasal 9;PERDA NO. 8 TAHUN 2007;TERTIB JALAN, ANGKUTAN JALAN DAN ANGKUTAN SUNGAI;LAIN-LAIN
183;Pasal 10;PERDA NO. 8 TAHUN 2007;TERTIB JALAN, ANGKUTAN JALAN DAN ANGKUTAN SUNGAI;TEGURAN LISAN
184;Pasal 8;PERDA NO. 8 TAHUN 2007;TERTIB JALAN, ANGKUTAN JALAN DAN ANGKUTAN SUNGAI;PERINGAN TERTULIS
185;Pasal 9;PERDA NO. 8 TAHUN 2007;TERTIB JALAN, ANGKUTAN JALAN DAN ANGKUTAN SUNGAI;PENGHALAUAN
186;Pasal 10;PERDA NO. 8 TAHUN 2007;TERTIB JALAN, ANGKUTAN JALAN DAN ANGKUTAN SUNGAI;PENJEMPUTAN
187;Pasal 8;PERDA NO. 8 TAHUN 2007;TERTIB JALAN, ANGKUTAN JALAN DAN ANGKUTAN SUNGAI;PEMBONGKARAN
188;Pasal 9;PERDA NO. 8 TAHUN 2007;TERTIB JALAN, ANGKUTAN JALAN DAN ANGKUTAN SUNGAI;PEMUSNAHAN
189;Pasal 10;PERDA NO. 8 TAHUN 2007;TERTIB JALAN, ANGKUTAN JALAN DAN ANGKUTAN SUNGAI;LAIN-LAIN
190;Pasal 8;PERDA NO. 8 TAHUN 2007;TERTIB JALAN, ANGKUTAN JALAN DAN ANGKUTAN SUNGAI;TEGURAN LISAN
191;Pasal 9;PERDA NO. 8 TAHUN 2007;TERTIB JALAN, ANGKUTAN JALAN DAN ANGKUTAN SUNGAI;PERINGAN TERTULIS
192;Pasal 10;PERDA NO. 8 TAHUN 2007;TERTIB JALAN, ANGKUTAN JALAN DAN ANGKUTAN SUNGAI;PENGHALAUAN
193;Pasal 8;PERDA NO. 8 TAHUN 2007;TERTIB JALAN, ANGKUTAN JALAN DAN ANGKUTAN SUNGAI;PENJEMPUTAN
194;Pasal 9;PERDA NO. 8 TAHUN 2007;TERTIB JALAN, ANGKUTAN JALAN DAN ANGKUTAN SUNGAI;PEMBONGKARAN
195;Pasal 10;PERDA NO. 8 TAHUN 2007;TERTIB JALAN, ANGKUTAN JALAN DAN ANGKUTAN SUNGAI;PEMUSNAHAN
196;Pasal 8;PERDA NO. 8 TAHUN 2007;TERTIB JALAN, ANGKUTAN JALAN DAN ANGKUTAN SUNGAI;LAIN-LAIN
197;Pasal 11 ayat 1;PERDA NO. 8 TAHUN 2007;TERTIB JALAN, ANGKUTAN JALAN DAN ANGKUTAN SUNGAI;TEGURAN LISAN
198;Pasal 11 ayat 2;PERDA NO. 8 TAHUN 2007;TERTIB JALAN, ANGKUTAN JALAN DAN ANGKUTAN SUNGAI;PERINGAN TERTULIS
199;Pasal 11 ayat 1;PERDA NO. 8 TAHUN 2007;TERTIB JALAN, ANGKUTAN JALAN DAN ANGKUTAN SUNGAI;PENGHALAUAN
200;Pasal 11 ayat 2;PERDA NO. 8 TAHUN 2007;TERTIB JALAN, ANGKUTAN JALAN DAN ANGKUTAN SUNGAI;PENJEMPUTAN
201;Pasal 11 ayat 1;PERDA NO. 8 TAHUN 2007;TERTIB JALAN, ANGKUTAN JALAN DAN ANGKUTAN SUNGAI;PEMBONGKARAN
202;Pasal 11 ayat 2;PERDA NO. 8 TAHUN 2007;TERTIB JALAN, ANGKUTAN JALAN DAN ANGKUTAN SUNGAI;PEMUSNAHAN
203;Pasal 11 ayat 1;PERDA NO. 8 TAHUN 2007;TERTIB JALAN, ANGKUTAN JALAN DAN ANGKUTAN SUNGAI;LAIN-LAIN
204;Pasal 12 huruf a;PERDA NO. 8 TAHUN 2007;TERTIB JALUR HIJAU, TAMAN DAN TEMPAT UMUM;TEGURAN LISAN
205;Pasal 12 huruf b;PERDA NO. 8 TAHUN 2007;TERTIB JALUR HIJAU, TAMAN DAN TEMPAT UMUM;PERINGATAN TERTULIS
206;Pasal 12 huruf c;PERDA NO. 8 TAHUN 2007;TERTIB JALUR HIJAU, TAMAN DAN TEMPAT UMUM;PENGHENTIAN KEGIATAN
207;Pasal 12 huruf d;PERDA NO. 8 TAHUN 2007;TERTIB JALUR HIJAU, TAMAN DAN TEMPAT UMUM;PEMBONGKARAN
208;Pasal 12 huruf e;PERDA NO. 8 TAHUN 2007;TERTIB JALUR HIJAU, TAMAN DAN TEMPAT UMUM;LAIN-LAIN
209;Pasal 12 huruf f;PERDA NO. 8 TAHUN 2007;TERTIB JALUR HIJAU, TAMAN DAN TEMPAT UMUM;TEGURAN LISAN
210;Pasal 12 huruf g;PERDA NO. 8 TAHUN 2007;TERTIB JALUR HIJAU, TAMAN DAN TEMPAT UMUM;PERINGATAN TERTULIS
211;Pasal 12 huruf h;PERDA NO. 8 TAHUN 2007;TERTIB JALUR HIJAU, TAMAN DAN TEMPAT UMUM;PENGHENTIAN KEGIATAN
212;Pasal 12 huruf a;PERDA NO. 8 TAHUN 2007;TERTIB JALUR HIJAU, TAMAN DAN TEMPAT UMUM;PEMBONGKARAN
213;Pasal 12 huruf b;PERDA NO. 8 TAHUN 2007;TERTIB JALUR HIJAU, TAMAN DAN TEMPAT UMUM;LAIN-LAIN
214;Pasal 12 huruf c;PERDA NO. 8 TAHUN 2007;TERTIB JALUR HIJAU, TAMAN DAN TEMPAT UMUM;TEGURAN LISAN
215;Pasal 12 huruf d;PERDA NO. 8 TAHUN 2007;TERTIB JALUR HIJAU, TAMAN DAN TEMPAT UMUM;PERINGATAN TERTULIS
216;Pasal 12 huruf e;PERDA NO. 8 TAHUN 2007;TERTIB JALUR HIJAU, TAMAN DAN TEMPAT UMUM;PENGHENTIAN KEGIATAN
217;Pasal 12 huruf f;PERDA NO. 8 TAHUN 2007;TERTIB JALUR HIJAU, TAMAN DAN TEMPAT UMUM;PEMBONGKARAN
218;Pasal 12 huruf g;PERDA NO. 8 TAHUN 2007;TERTIB JALUR HIJAU, TAMAN DAN TEMPAT UMUM;LAIN-LAIN
219;Pasal 12 huruf h;PERDA NO. 8 TAHUN 2007;TERTIB JALUR HIJAU, TAMAN DAN TEMPAT UMUM;TEGURAN LISAN
220;Pasal 12 huruf a;PERDA NO. 8 TAHUN 2007;TERTIB JALUR HIJAU, TAMAN DAN TEMPAT UMUM;PERINGATAN TERTULIS
221;Pasal 12 huruf b;PERDA NO. 8 TAHUN 2007;TERTIB JALUR HIJAU, TAMAN DAN TEMPAT UMUM;PENGHENTIAN KEGIATAN
222;Pasal 12 huruf c;PERDA NO. 8 TAHUN 2007;TERTIB JALUR HIJAU, TAMAN DAN TEMPAT UMUM;PEMBONGKARAN
223;Pasal 12 huruf d;PERDA NO. 8 TAHUN 2007;TERTIB JALUR HIJAU, TAMAN DAN TEMPAT UMUM;LAIN-LAIN
224;Pasal 12 huruf e;PERDA NO. 8 TAHUN 2007;TERTIB JALUR HIJAU, TAMAN DAN TEMPAT UMUM;TEGURAN LISAN
225;Pasal 12 huruf f;PERDA NO. 8 TAHUN 2007;TERTIB JALUR HIJAU, TAMAN DAN TEMPAT UMUM;PERINGATAN TERTULIS
226;Pasal 12 huruf g;PERDA NO. 8 TAHUN 2007;TERTIB JALUR HIJAU, TAMAN DAN TEMPAT UMUM;PENGHENTIAN KEGIATAN
227;Pasal 12 huruf h;PERDA NO. 8 TAHUN 2007;TERTIB JALUR HIJAU, TAMAN DAN TEMPAT UMUM;PEMBONGKARAN
228;Pasal 12 huruf a;PERDA NO. 8 TAHUN 2007;TERTIB JALUR HIJAU, TAMAN DAN TEMPAT UMUM;LAIN-LAIN
229;Pasal 12 huruf b;PERDA NO. 8 TAHUN 2007;TERTIB JALUR HIJAU, TAMAN DAN TEMPAT UMUM;TEGURAN LISAN
230;Pasal 12 huruf c;PERDA NO. 8 TAHUN 2007;TERTIB JALUR HIJAU, TAMAN DAN TEMPAT UMUM;PERINGATAN TERTULIS
231;Pasal 12 huruf d;PERDA NO. 8 TAHUN 2007;TERTIB JALUR HIJAU, TAMAN DAN TEMPAT UMUM;PENGHENTIAN KEGIATAN
232;Pasal 12 huruf e;PERDA NO. 8 TAHUN 2007;TERTIB JALUR HIJAU, TAMAN DAN TEMPAT UMUM;PEMBONGKARAN
233;Pasal 12 huruf f;PERDA NO. 8 TAHUN 2007;TERTIB JALUR HIJAU, TAMAN DAN TEMPAT UMUM;LAIN-LAIN
234;Pasal 12 huruf g;PERDA NO. 8 TAHUN 2007;TERTIB JALUR HIJAU, TAMAN DAN TEMPAT UMUM;TEGURAN LISAN
235;Pasal 12 huruf h;PERDA NO. 8 TAHUN 2007;TERTIB JALUR HIJAU, TAMAN DAN TEMPAT UMUM;PERINGATAN TERTULIS
236;Pasal 12 huruf a;PERDA NO. 8 TAHUN 2007;TERTIB JALUR HIJAU, TAMAN DAN TEMPAT UMUM;PENGHENTIAN KEGIATAN
237;Pasal 12 huruf b;PERDA NO. 8 TAHUN 2007;TERTIB JALUR HIJAU, TAMAN DAN TEMPAT UMUM;PEMBONGKARAN
238;Pasal 12 huruf c;PERDA NO. 8 TAHUN 2007;TERTIB JALUR HIJAU, TAMAN DAN TEMPAT UMUM;LAIN-LAIN
239;Pasal 12 huruf d;PERDA NO. 8 TAHUN 2007;TERTIB JALUR HIJAU, TAMAN DAN TEMPAT UMUM;TEGURAN LISAN
240;Pasal 12 huruf e;PERDA NO. 8 TAHUN 2007;TERTIB JALUR HIJAU, TAMAN DAN TEMPAT UMUM;PERINGATAN TERTULIS
241;Pasal 12 huruf f;PERDA NO. 8 TAHUN 2007;TERTIB JALUR HIJAU, TAMAN DAN TEMPAT UMUM;PENGHENTIAN KEGIATAN
242;Pasal 12 huruf g;PERDA NO. 8 TAHUN 2007;TERTIB JALUR HIJAU, TAMAN DAN TEMPAT UMUM;PEMBONGKARAN
243;Pasal 12 huruf h;PERDA NO. 8 TAHUN 2007;TERTIB JALUR HIJAU, TAMAN DAN TEMPAT UMUM;LAIN-LAIN
244;Pasal 13 huruf a;PERDA NO. 8 TAHUN 2007;TERTIB SUNGAI, SALURAN, KOLAM DAN LEPAS PANTAI;TEGURAN LISAN
245;Pasal 13 huruf b;PERDA NO. 8 TAHUN 2007;TERTIB SUNGAI, SALURAN, KOLAM DAN LEPAS PANTAI;PERINGATAN TERTULIS
246;Pasal 13 huruf a;PERDA NO. 8 TAHUN 2007;TERTIB SUNGAI, SALURAN, KOLAM DAN LEPAS PANTAI;PENGHENTIAN KEGIATAN
247;Pasal 13 huruf b;PERDA NO. 8 TAHUN 2007;TERTIB SUNGAI, SALURAN, KOLAM DAN LEPAS PANTAI;PEMBONGKARAN
248;Pasal 13 huruf a;PERDA NO. 8 TAHUN 2007;TERTIB SUNGAI, SALURAN, KOLAM DAN LEPAS PANTAI;LAIN-LAIN
249;Pasal 13 huruf b;PERDA NO. 8 TAHUN 2007;TERTIB SUNGAI, SALURAN, KOLAM DAN LEPAS PANTAI;TEGURAN LISAN
250;Pasal 13 huruf a;PERDA NO. 8 TAHUN 2007;TERTIB SUNGAI, SALURAN, KOLAM DAN LEPAS PANTAI;PERINGATAN TERTULIS
251;Pasal 13 huruf b;PERDA NO. 8 TAHUN 2007;TERTIB SUNGAI, SALURAN, KOLAM DAN LEPAS PANTAI;PENGHENTIAN KEGIATAN
252;Pasal 13 huruf a;PERDA NO. 8 TAHUN 2007;TERTIB SUNGAI, SALURAN, KOLAM DAN LEPAS PANTAI;PEMBONGKARAN
253;Pasal 13 huruf b;PERDA NO. 8 TAHUN 2007;TERTIB SUNGAI, SALURAN, KOLAM DAN LEPAS PANTAI;LAIN-LAIN
254;Pasal 14 ayat 1;PERDA NO. 8 TAHUN 2007;TERTIB SUNGAI, SALURAN, KOLAM DAN LEPAS PANTAI;TEGURAN LISAN
255;Pasal 14 ayat 2;PERDA NO. 8 TAHUN 2007;TERTIB SUNGAI, SALURAN, KOLAM DAN LEPAS PANTAI;PERINGATAN TERTULIS
256;Pasal 14 ayat 3;PERDA NO. 8 TAHUN 2007;TERTIB SUNGAI, SALURAN, KOLAM DAN LEPAS PANTAI;PENGHENTIAN KEGIATAN
257;Pasal 14 ayat 1;PERDA NO. 8 TAHUN 2007;TERTIB SUNGAI, SALURAN, KOLAM DAN LEPAS PANTAI;PEMBONGKARAN
258;Pasal 14 ayat 2;PERDA NO. 8 TAHUN 2007;TERTIB SUNGAI, SALURAN, KOLAM DAN LEPAS PANTAI;LAIN-LAIN
259;Pasal 14 ayat 3;PERDA NO. 8 TAHUN 2007;TERTIB SUNGAI, SALURAN, KOLAM DAN LEPAS PANTAI;TEGURAN LISAN
260;Pasal 14 ayat 1;PERDA NO. 8 TAHUN 2007;TERTIB SUNGAI, SALURAN, KOLAM DAN LEPAS PANTAI;PERINGATAN TERTULIS
261;Pasal 14 ayat 2;PERDA NO. 8 TAHUN 2007;TERTIB SUNGAI, SALURAN, KOLAM DAN LEPAS PANTAI;PENGHENTIAN KEGIATAN
262;Pasal 14 ayat 3;PERDA NO. 8 TAHUN 2007;TERTIB SUNGAI, SALURAN, KOLAM DAN LEPAS PANTAI;PEMBONGKARAN
263;Pasal 14 ayat 1;PERDA NO. 8 TAHUN 2007;TERTIB SUNGAI, SALURAN, KOLAM DAN LEPAS PANTAI;LAIN-LAIN
264;Pasal 14 ayat 2;PERDA NO. 8 TAHUN 2007;TERTIB SUNGAI, SALURAN, KOLAM DAN LEPAS PANTAI;TEGURAN LISAN
265;Pasal 14 ayat 3;PERDA NO. 8 TAHUN 2007;TERTIB SUNGAI, SALURAN, KOLAM DAN LEPAS PANTAI;PERINGATAN TERTULIS
266;Pasal 14 ayat 1;PERDA NO. 8 TAHUN 2007;TERTIB SUNGAI, SALURAN, KOLAM DAN LEPAS PANTAI;PENGHENTIAN KEGIATAN
267;Pasal 14 ayat 2;PERDA NO. 8 TAHUN 2007;TERTIB SUNGAI, SALURAN, KOLAM DAN LEPAS PANTAI;PEMBONGKARAN
268;Pasal 14 ayat 3;PERDA NO. 8 TAHUN 2007;TERTIB SUNGAI, SALURAN, KOLAM DAN LEPAS PANTAI;LAIN-LAIN
269;Pasal 15;PERDA NO. 8 TAHUN 2007;TERTIB SUNGAI, SALURAN, KOLAM DAN LEPAS PANTAI;TEGURAN LISAN
270;Pasal 15;PERDA NO. 8 TAHUN 2007;TERTIB SUNGAI, SALURAN, KOLAM DAN LEPAS PANTAI;PERINGATAN TERTULIS
271;Pasal 15;PERDA NO. 8 TAHUN 2007;TERTIB SUNGAI, SALURAN, KOLAM DAN LEPAS PANTAI;PENGHENTIAN KEGIATAN
272;Pasal 15;PERDA NO. 8 TAHUN 2007;TERTIB SUNGAI, SALURAN, KOLAM DAN LEPAS PANTAI;PEMBONGKARAN
273;Pasal 15;PERDA NO. 8 TAHUN 2007;TERTIB SUNGAI, SALURAN, KOLAM DAN LEPAS PANTAI;LAIN-LAIN
274;Pasal 16 ayat 1;PERDA NO. 8 TAHUN 2007;TERTIB SUNGAI, SALURAN, KOLAM DAN LEPAS PANTAI;TEGURAN LISAN
275;Pasal 16 ayat 2;PERDA NO. 8 TAHUN 2007;TERTIB SUNGAI, SALURAN, KOLAM DAN LEPAS PANTAI;PERINGATAN TERTULIS
276;Pasal 16 ayat 3;PERDA NO. 8 TAHUN 2007;TERTIB SUNGAI, SALURAN, KOLAM DAN LEPAS PANTAI;PENGHENTIAN KEGIATAN
277;Pasal 16 ayat 1;PERDA NO. 8 TAHUN 2007;TERTIB SUNGAI, SALURAN, KOLAM DAN LEPAS PANTAI;PEMBONGKARAN
278;Pasal 16 ayat 2;PERDA NO. 8 TAHUN 2007;TERTIB SUNGAI, SALURAN, KOLAM DAN LEPAS PANTAI;LAIN-LAIN
279;Pasal 16 ayat 3;PERDA NO. 8 TAHUN 2007;TERTIB SUNGAI, SALURAN, KOLAM DAN LEPAS PANTAI;TEGURAN LISAN
280;Pasal 16 ayat 1;PERDA NO. 8 TAHUN 2007;TERTIB SUNGAI, SALURAN, KOLAM DAN LEPAS PANTAI;PERINGATAN TERTULIS
281;Pasal 16 ayat 2;PERDA NO. 8 TAHUN 2007;TERTIB SUNGAI, SALURAN, KOLAM DAN LEPAS PANTAI;PENGHENTIAN KEGIATAN
282;Pasal 16 ayat 3;PERDA NO. 8 TAHUN 2007;TERTIB SUNGAI, SALURAN, KOLAM DAN LEPAS PANTAI;PEMBONGKARAN
283;Pasal 16 ayat 1;PERDA NO. 8 TAHUN 2007;TERTIB SUNGAI, SALURAN, KOLAM DAN LEPAS PANTAI;LAIN-LAIN
284;Pasal 16 ayat 2;PERDA NO. 8 TAHUN 2007;TERTIB SUNGAI, SALURAN, KOLAM DAN LEPAS PANTAI;TEGURAN LISAN
285;Pasal 16 ayat 3;PERDA NO. 8 TAHUN 2007;TERTIB SUNGAI, SALURAN, KOLAM DAN LEPAS PANTAI;PERINGATAN TERTULIS
286;Pasal 16 ayat 1;PERDA NO. 8 TAHUN 2007;TERTIB SUNGAI, SALURAN, KOLAM DAN LEPAS PANTAI;PENGHENTIAN KEGIATAN
287;Pasal 16 ayat 2;PERDA NO. 8 TAHUN 2007;TERTIB SUNGAI, SALURAN, KOLAM DAN LEPAS PANTAI;PEMBONGKARAN
288;Pasal 16 ayat 3;PERDA NO. 8 TAHUN 2007;TERTIB SUNGAI, SALURAN, KOLAM DAN LEPAS PANTAI;LAIN-LAIN
289;Pasal 17 ayat 1;PERDA NO. 8 TAHUN 2007;TERTIB LINGKUNGAN;TEGURAN LISAN
290;Pasal 17 ayat 2;PERDA NO. 8 TAHUN 2007;TERTIB LINGKUNGAN;PERINGATAN TERTULIS
291;Pasal 17 ayat 3;PERDA NO. 8 TAHUN 2007;TERTIB LINGKUNGAN;PENYEGELAN
292;Pasal 17 ayat 1;PERDA NO. 8 TAHUN 2007;TERTIB LINGKUNGAN;PEMBONGKARAN
293;Pasal 17 ayat 2;PERDA NO. 8 TAHUN 2007;TERTIB LINGKUNGAN;PENYITAAN
294;Pasal 17 ayat 3;PERDA NO. 8 TAHUN 2007;TERTIB LINGKUNGAN;LAIN-LAIN
295;Pasal 17 ayat 1;PERDA NO. 8 TAHUN 2007;TERTIB LINGKUNGAN;TEGURAN LISAN
296;Pasal 17 ayat 2;PERDA NO. 8 TAHUN 2007;TERTIB LINGKUNGAN;PERINGATAN TERTULIS
297;Pasal 17 ayat 3;PERDA NO. 8 TAHUN 2007;TERTIB LINGKUNGAN;PENYEGELAN
298;Pasal 17 ayat 1;PERDA NO. 8 TAHUN 2007;TERTIB LINGKUNGAN;PEMBONGKARAN
299;Pasal 17 ayat 2;PERDA NO. 8 TAHUN 2007;TERTIB LINGKUNGAN;PENYITAAN
300;Pasal 17 ayat 3;PERDA NO. 8 TAHUN 2007;TERTIB LINGKUNGAN;LAIN-LAIN
301;Pasal 17 ayat 1;PERDA NO. 8 TAHUN 2007;TERTIB LINGKUNGAN;TEGURAN LISAN
302;Pasal 17 ayat 2;PERDA NO. 8 TAHUN 2007;TERTIB LINGKUNGAN;PERINGATAN TERTULIS
303;Pasal 17 ayat 3;PERDA NO. 8 TAHUN 2007;TERTIB LINGKUNGAN;PENYEGELAN
304;Pasal 17 ayat 1;PERDA NO. 8 TAHUN 2007;TERTIB LINGKUNGAN;PEMBONGKARAN
305;Pasal 17 ayat 2;PERDA NO. 8 TAHUN 2007;TERTIB LINGKUNGAN;PENYITAAN
306;Pasal 17 ayat 3;PERDA NO. 8 TAHUN 2007;TERTIB LINGKUNGAN;LAIN-LAIN
307;Pasal 18;PERDA NO. 8 TAHUN 2007;TERTIB LINGKUNGAN;TEGURAN LISAN
308;Pasal 18;PERDA NO. 8 TAHUN 2007;TERTIB LINGKUNGAN;PERINGATAN TERTULIS
309;Pasal 18;PERDA NO. 8 TAHUN 2007;TERTIB LINGKUNGAN;PENYEGELAN
310;Pasal 18;PERDA NO. 8 TAHUN 2007;TERTIB LINGKUNGAN;PEMBONGKARAN
311;Pasal 18;PERDA NO. 8 TAHUN 2007;TERTIB LINGKUNGAN;PENYITAAN
312;Pasal 18;PERDA NO. 8 TAHUN 2007;TERTIB LINGKUNGAN;LAIN-LAIN
313;Pasal 19 huruf a;PERDA NO. 8 TAHUN 2007;TERTIB LINGKUNGAN;TEGURAN LISAN
314;Pasal 19 huruf b;PERDA NO. 8 TAHUN 2007;TERTIB LINGKUNGAN;PERINGATAN TERTULIS
315;Pasal 19 huruf a;PERDA NO. 8 TAHUN 2007;TERTIB LINGKUNGAN;PENYEGELAN
316;Pasal 19 huruf b;PERDA NO. 8 TAHUN 2007;TERTIB LINGKUNGAN;PEMBONGKARAN
317;Pasal 19 huruf a;PERDA NO. 8 TAHUN 2007;TERTIB LINGKUNGAN;PENYITAAN
318;Pasal 19 huruf b;PERDA NO. 8 TAHUN 2007;TERTIB LINGKUNGAN;LAIN-LAIN
319;Pasal 19 huruf a;PERDA NO. 8 TAHUN 2007;TERTIB LINGKUNGAN;TEGURAN LISAN
320;Pasal 19 huruf b;PERDA NO. 8 TAHUN 2007;TERTIB LINGKUNGAN;PERINGATAN TERTULIS
321;Pasal 19 huruf a;PERDA NO. 8 TAHUN 2007;TERTIB LINGKUNGAN;PENYEGELAN
322;Pasal 19 huruf b;PERDA NO. 8 TAHUN 2007;TERTIB LINGKUNGAN;PEMBONGKARAN
323;Pasal 19 huruf a;PERDA NO. 8 TAHUN 2007;TERTIB LINGKUNGAN;PENYITAAN
324;Pasal 19 huruf b;PERDA NO. 8 TAHUN 2007;TERTIB LINGKUNGAN;LAIN-LAIN
325;Pasal 20;PERDA NO. 8 TAHUN 2007;TERTIB LINGKUNGAN;TEGURAN LISAN
326;Pasal 20;PERDA NO. 8 TAHUN 2007;TERTIB LINGKUNGAN;PERINGATAN TERTULIS
327;Pasal 20;PERDA NO. 8 TAHUN 2007;TERTIB LINGKUNGAN;PENYEGELAN
328;Pasal 20;PERDA NO. 8 TAHUN 2007;TERTIB LINGKUNGAN;PEMBONGKARAN
329;Pasal 20;PERDA NO. 8 TAHUN 2007;TERTIB LINGKUNGAN;PENYITAAN
330;Pasal 20;PERDA NO. 8 TAHUN 2007;TERTIB LINGKUNGAN;LAIN-LAIN
331;Pasal 21 huruf a;PERDA NO. 8 TAHUN 2007;TERTIB LINGKUNGAN;TEGURAN LISAN
332;Pasal 21 huruf a;PERDA NO. 8 TAHUN 2007;TERTIB LINGKUNGAN;PERINGATAN TERTULIS
333;Pasal 21 huruf a;PERDA NO. 8 TAHUN 2007;TERTIB LINGKUNGAN;PENYEGELAN
334;Pasal 21 huruf a;PERDA NO. 8 TAHUN 2007;TERTIB LINGKUNGAN;PEMBONGKARAN
335;Pasal 21 huruf a;PERDA NO. 8 TAHUN 2007;TERTIB LINGKUNGAN;PENYITAAN
336;Pasal 21 huruf a;PERDA NO. 8 TAHUN 2007;TERTIB LINGKUNGAN;LAIN-LAIN
337;Pasal 21 huruf b;PERDA NO. 8 TAHUN 2007;TERTIB LINGKUNGAN;TEGURAN LISAN
338;Pasal 21 huruf c;PERDA NO. 8 TAHUN 2007;TERTIB LINGKUNGAN;PERINGATAN TERTULIS
339;Pasal 21 huruf a;PERDA NO. 8 TAHUN 2007;TERTIB LINGKUNGAN;PENYEGELAN
340;Pasal 21 huruf b;PERDA NO. 8 TAHUN 2007;TERTIB LINGKUNGAN;PEMBONGKARAN
341;Pasal 21 huruf c;PERDA NO. 8 TAHUN 2007;TERTIB LINGKUNGAN;PENYITAAN
342;Pasal 21 huruf a;PERDA NO. 8 TAHUN 2007;TERTIB LINGKUNGAN;LAIN-LAIN
343;Pasal 21 huruf b;PERDA NO. 8 TAHUN 2007;TERTIB LINGKUNGAN;TEGURAN LISAN
344;Pasal 21 huruf c;PERDA NO. 8 TAHUN 2007;TERTIB LINGKUNGAN;PERINGATAN TERTULIS
345;Pasal 21 huruf a;PERDA NO. 8 TAHUN 2007;TERTIB LINGKUNGAN;PENYEGELAN
346;Pasal 21 huruf b;PERDA NO. 8 TAHUN 2007;TERTIB LINGKUNGAN;PEMBONGKARAN
347;Pasal 21 huruf c;PERDA NO. 8 TAHUN 2007;TERTIB LINGKUNGAN;PENYITAAN
348;Pasal 21 huruf a;PERDA NO. 8 TAHUN 2007;TERTIB LINGKUNGAN;LAIN-LAIN
349;Pasal 22 huruf a;PERDA NO. 8 TAHUN 2007;TERTIB LINGKUNGAN;TEGURAN LISAN
350;Pasal 22 huruf b;PERDA NO. 8 TAHUN 2007;TERTIB LINGKUNGAN;PERINGATAN TERTULIS
351;Pasal 22 huruf c;PERDA NO. 8 TAHUN 2007;TERTIB LINGKUNGAN;PENYEGELAN
352;Pasal 22 huruf d;PERDA NO. 8 TAHUN 2007;TERTIB LINGKUNGAN;PEMBONGKARAN
353;Pasal 22 huruf e;PERDA NO. 8 TAHUN 2007;TERTIB LINGKUNGAN;PENYITAAN
354;Pasal 22 huruf f;PERDA NO. 8 TAHUN 2007;TERTIB LINGKUNGAN;LAIN-LAIN
355;Pasal 22 huruf a;PERDA NO. 8 TAHUN 2007;TERTIB LINGKUNGAN;TEGURAN LISAN
356;Pasal 22 huruf b;PERDA NO. 8 TAHUN 2007;TERTIB LINGKUNGAN;PERINGATAN TERTULIS
357;Pasal 22 huruf c;PERDA NO. 8 TAHUN 2007;TERTIB LINGKUNGAN;PENYEGELAN
358;Pasal 22 huruf d;PERDA NO. 8 TAHUN 2007;TERTIB LINGKUNGAN;PEMBONGKARAN
359;Pasal 22 huruf e;PERDA NO. 8 TAHUN 2007;TERTIB LINGKUNGAN;PENYITAAN
360;Pasal 22 huruf f;PERDA NO. 8 TAHUN 2007;TERTIB LINGKUNGAN;LAIN-LAIN
361;Pasal 22 huruf a;PERDA NO. 8 TAHUN 2007;TERTIB LINGKUNGAN;TEGURAN LISAN
362;Pasal 22 huruf b;PERDA NO. 8 TAHUN 2007;TERTIB LINGKUNGAN;PERINGATAN TERTULIS
363;Pasal 22 huruf c;PERDA NO. 8 TAHUN 2007;TERTIB LINGKUNGAN;PENYEGELAN
364;Pasal 22 huruf d;PERDA NO. 8 TAHUN 2007;TERTIB LINGKUNGAN;PEMBONGKARAN
365;Pasal 22 huruf e;PERDA NO. 8 TAHUN 2007;TERTIB LINGKUNGAN;PENYITAAN
366;Pasal 22 huruf f;PERDA NO. 8 TAHUN 2007;TERTIB LINGKUNGAN;LAIN-LAIN
367;Pasal 22 huruf a;PERDA NO. 8 TAHUN 2007;TERTIB LINGKUNGAN;TEGURAN LISAN
368;Pasal 22 huruf b;PERDA NO. 8 TAHUN 2007;TERTIB LINGKUNGAN;PERINGATAN TERTULIS
369;Pasal 22 huruf c;PERDA NO. 8 TAHUN 2007;TERTIB LINGKUNGAN;PENYEGELAN
370;Pasal 22 huruf d;PERDA NO. 8 TAHUN 2007;TERTIB LINGKUNGAN;PEMBONGKARAN
371;Pasal 22 huruf e;PERDA NO. 8 TAHUN 2007;TERTIB LINGKUNGAN;PENYITAAN
372;Pasal 22 huruf f;PERDA NO. 8 TAHUN 2007;TERTIB LINGKUNGAN;LAIN-LAIN
373;Pasal 22 huruf a;PERDA NO. 8 TAHUN 2007;TERTIB LINGKUNGAN;TEGURAN LISAN
374;Pasal 22 huruf b;PERDA NO. 8 TAHUN 2007;TERTIB LINGKUNGAN;PERINGATAN TERTULIS
375;Pasal 22 huruf c;PERDA NO. 8 TAHUN 2007;TERTIB LINGKUNGAN;PENYEGELAN
376;Pasal 22 huruf d;PERDA NO. 8 TAHUN 2007;TERTIB LINGKUNGAN;PEMBONGKARAN
377;Pasal 22 huruf e;PERDA NO. 8 TAHUN 2007;TERTIB LINGKUNGAN;PENYITAAN
378;Pasal 22 huruf f;PERDA NO. 8 TAHUN 2007;TERTIB LINGKUNGAN;LAIN-LAIN
379;Pasal 22 huruf a;PERDA NO. 8 TAHUN 2007;TERTIB LINGKUNGAN;TEGURAN LISAN
380;Pasal 22 huruf b;PERDA NO. 8 TAHUN 2007;TERTIB LINGKUNGAN;PERINGATAN TERTULIS
381;Pasal 22 huruf c;PERDA NO. 8 TAHUN 2007;TERTIB LINGKUNGAN;PENYEGELAN
382;Pasal 22 huruf d;PERDA NO. 8 TAHUN 2007;TERTIB LINGKUNGAN;PEMBONGKARAN
383;Pasal 22 huruf e;PERDA NO. 8 TAHUN 2007;TERTIB LINGKUNGAN;PENYITAAN
384;Pasal 22 huruf f;PERDA NO. 8 TAHUN 2007;TERTIB LINGKUNGAN;LAIN-LAIN
385;Pasal 23 ayat 1;PERDA NO. 8 TAHUN 2007;TERTIB LINGKUNGAN;TEGURAN LISAN
386;Pasal 23 ayat 1;PERDA NO. 8 TAHUN 2007;TERTIB LINGKUNGAN;PERINGATAN TERTULIS
387;Pasal 23 ayat 1;PERDA NO. 8 TAHUN 2007;TERTIB LINGKUNGAN;PENYEGELAN
388;Pasal 23 ayat 1;PERDA NO. 8 TAHUN 2007;TERTIB LINGKUNGAN;PEMBONGKARAN
389;Pasal 23 ayat 1;PERDA NO. 8 TAHUN 2007;TERTIB LINGKUNGAN;PENYITAAN
390;Pasal 23 ayat 1;PERDA NO. 8 TAHUN 2007;TERTIB LINGKUNGAN;LAIN-LAIN
391;Pasal 25 ayat 2;PERDA NO. 8 TAHUN 2007;TERTIB TEMPAT DAN USAHA TERTENTU;TEGURAN LISAN
392;Pasal 25 ayat 3;PERDA NO. 8 TAHUN 2007;TERTIB TEMPAT DAN USAHA TERTENTU;PERINGATAN TERTULIS
393;Pasal 25 ayat 2;PERDA NO. 8 TAHUN 2007;TERTIB TEMPAT DAN USAHA TERTENTU;PENYEGELAN
394;Pasal 25 ayat 3;PERDA NO. 8 TAHUN 2007;TERTIB TEMPAT DAN USAHA TERTENTU;PEMBONGKARAN
395;Pasal 25 ayat 2;PERDA NO. 8 TAHUN 2007;TERTIB TEMPAT DAN USAHA TERTENTU;PENYITAAN
396;Pasal 25 ayat 3;PERDA NO. 8 TAHUN 2007;TERTIB TEMPAT DAN USAHA TERTENTU;LAIN-LAIN
397;Pasal 25 ayat 2;PERDA NO. 8 TAHUN 2007;TERTIB TEMPAT DAN USAHA TERTENTU;TEGURAN LISAN
398;Pasal 25 ayat 3;PERDA NO. 8 TAHUN 2007;TERTIB TEMPAT DAN USAHA TERTENTU;PERINGATAN TERTULIS
399;Pasal 25 ayat 2;PERDA NO. 8 TAHUN 2007;TERTIB TEMPAT DAN USAHA TERTENTU;PENYEGELAN
400;Pasal 25 ayat 3;PERDA NO. 8 TAHUN 2007;TERTIB TEMPAT DAN USAHA TERTENTU;PEMBONGKARAN
401;Pasal 25 ayat 2;PERDA NO. 8 TAHUN 2007;TERTIB TEMPAT DAN USAHA TERTENTU;PENYITAAN
402;Pasal 25 ayat 3;PERDA NO. 8 TAHUN 2007;TERTIB TEMPAT DAN USAHA TERTENTU;LAIN-LAIN
403;Pasal 27 ayat 1;PERDA NO. 8 TAHUN 2007;TERTIB TEMPAT DAN USAHA TERTENTU;TEGURAN LISAN
404;Pasal 27 ayat 2;PERDA NO. 8 TAHUN 2007;TERTIB TEMPAT DAN USAHA TERTENTU;PERINGATAN TERTULIS
405;Pasal 27 ayat 3;PERDA NO. 8 TAHUN 2007;TERTIB TEMPAT DAN USAHA TERTENTU;PENYEGELAN
406;Pasal 27 ayat 1;PERDA NO. 8 TAHUN 2007;TERTIB TEMPAT DAN USAHA TERTENTU;PEMBONGKARAN
407;Pasal 27 ayat 2;PERDA NO. 8 TAHUN 2007;TERTIB TEMPAT DAN USAHA TERTENTU;PENYITAAN
408;Pasal 27 ayat 3;PERDA NO. 8 TAHUN 2007;TERTIB TEMPAT DAN USAHA TERTENTU;LAIN-LAIN
409;Pasal 27 ayat 1;PERDA NO. 8 TAHUN 2007;TERTIB TEMPAT DAN USAHA TERTENTU;TEGURAN LISAN
410;Pasal 27 ayat 2;PERDA NO. 8 TAHUN 2007;TERTIB TEMPAT DAN USAHA TERTENTU;PERINGATAN TERTULIS
411;Pasal 27 ayat 3;PERDA NO. 8 TAHUN 2007;TERTIB TEMPAT DAN USAHA TERTENTU;PENYEGELAN
412;Pasal 27 ayat 1;PERDA NO. 8 TAHUN 2007;TERTIB TEMPAT DAN USAHA TERTENTU;PEMBONGKARAN
413;Pasal 27 ayat 2;PERDA NO. 8 TAHUN 2007;TERTIB TEMPAT DAN USAHA TERTENTU;PENYITAAN
414;Pasal 27 ayat 3;PERDA NO. 8 TAHUN 2007;TERTIB TEMPAT DAN USAHA TERTENTU;LAIN-LAIN
415;Pasal 27 ayat 1;PERDA NO. 8 TAHUN 2007;TERTIB TEMPAT DAN USAHA TERTENTU;TEGURAN LISAN
416;Pasal 27 ayat 2;PERDA NO. 8 TAHUN 2007;TERTIB TEMPAT DAN USAHA TERTENTU;PERINGATAN TERTULIS
417;Pasal 27 ayat 3;PERDA NO. 8 TAHUN 2007;TERTIB TEMPAT DAN USAHA TERTENTU;PENYEGELAN
418;Pasal 27 ayat 1;PERDA NO. 8 TAHUN 2007;TERTIB TEMPAT DAN USAHA TERTENTU;PEMBONGKARAN
419;Pasal 27 ayat 2;PERDA NO. 8 TAHUN 2007;TERTIB TEMPAT DAN USAHA TERTENTU;PENYITAAN
420;Pasal 27 ayat 3;PERDA NO. 8 TAHUN 2007;TERTIB TEMPAT DAN USAHA TERTENTU;LAIN-LAIN
421;Pasal 28 ayat 1;PERDA NO. 8 TAHUN 2007;TERTIB TEMPAT DAN USAHA TERTENTU;TEGURAN LISAN
422;Pasal 28 ayat 1;PERDA NO. 8 TAHUN 2007;TERTIB TEMPAT DAN USAHA TERTENTU;PERINGATAN TERTULIS
423;Pasal 28 ayat 1;PERDA NO. 8 TAHUN 2007;TERTIB TEMPAT DAN USAHA TERTENTU;PENYEGELAN
424;Pasal 28 ayat 1;PERDA NO. 8 TAHUN 2007;TERTIB TEMPAT DAN USAHA TERTENTU;PEMBONGKARAN
425;Pasal 28 ayat 1;PERDA NO. 8 TAHUN 2007;TERTIB TEMPAT DAN USAHA TERTENTU;PENYITAAN
426;Pasal 28 ayat 1;PERDA NO. 8 TAHUN 2007;TERTIB TEMPAT DAN USAHA TERTENTU;LAIN-LAIN
427;Pasal 29 ayat 1 huruf a;PERDA NO. 8 TAHUN 2007;TERTIB TEMPAT DAN USAHA TERTENTU;TEGURAN LISAN
428;Pasal 29 ayat 1 huruf b;PERDA NO. 8 TAHUN 2007;TERTIB TEMPAT DAN USAHA TERTENTU;PERINGATAN TERTULIS
429;Pasal 29 ayat 1 huruf c;PERDA NO. 8 TAHUN 2007;TERTIB TEMPAT DAN USAHA TERTENTU;PENYEGELAN
430;Pasal 29 ayat 1 huruf a;PERDA NO. 8 TAHUN 2007;TERTIB TEMPAT DAN USAHA TERTENTU;PEMBONGKARAN
431;Pasal 29 ayat 1 huruf b;PERDA NO. 8 TAHUN 2007;TERTIB TEMPAT DAN USAHA TERTENTU;PENYITAAN
432;Pasal 29 ayat 1 huruf c;PERDA NO. 8 TAHUN 2007;TERTIB TEMPAT DAN USAHA TERTENTU;LAIN-LAIN
433;Pasal 29 ayat 1 huruf a;PERDA NO. 8 TAHUN 2007;TERTIB TEMPAT DAN USAHA TERTENTU;TEGURAN LISAN
434;Pasal 29 ayat 1 huruf b;PERDA NO. 8 TAHUN 2007;TERTIB TEMPAT DAN USAHA TERTENTU;PERINGATAN TERTULIS
435;Pasal 29 ayat 1 huruf c;PERDA NO. 8 TAHUN 2007;TERTIB TEMPAT DAN USAHA TERTENTU;PENYEGELAN
436;Pasal 29 ayat 1 huruf a;PERDA NO. 8 TAHUN 2007;TERTIB TEMPAT DAN USAHA TERTENTU;PEMBONGKARAN
437;Pasal 29 ayat 1 huruf b;PERDA NO. 8 TAHUN 2007;TERTIB TEMPAT DAN USAHA TERTENTU;PENYITAAN
438;Pasal 29 ayat 1 huruf c;PERDA NO. 8 TAHUN 2007;TERTIB TEMPAT DAN USAHA TERTENTU;LAIN-LAIN
439;Pasal 29 ayat 1 huruf a;PERDA NO. 8 TAHUN 2007;TERTIB TEMPAT DAN USAHA TERTENTU;TEGURAN LISAN
440;Pasal 29 ayat 1 huruf b;PERDA NO. 8 TAHUN 2007;TERTIB TEMPAT DAN USAHA TERTENTU;PERINGATAN TERTULIS
441;Pasal 29 ayat 1 huruf c;PERDA NO. 8 TAHUN 2007;TERTIB TEMPAT DAN USAHA TERTENTU;PENYEGELAN
442;Pasal 29 ayat 1 huruf a;PERDA NO. 8 TAHUN 2007;TERTIB TEMPAT DAN USAHA TERTENTU;PEMBONGKARAN
443;Pasal 29 ayat 1 huruf b;PERDA NO. 8 TAHUN 2007;TERTIB TEMPAT DAN USAHA TERTENTU;PENYITAAN
444;Pasal 29 ayat 1 huruf c;PERDA NO. 8 TAHUN 2007;TERTIB TEMPAT DAN USAHA TERTENTU;LAIN-LAIN
445;Pasal 29 ayat 3;PERDA NO. 8 TAHUN 2007;TERTIB TEMPAT DAN USAHA TERTENTU;TEGURAN LISAN
446;Pasal 29 ayat 3;PERDA NO. 8 TAHUN 2007;TERTIB TEMPAT DAN USAHA TERTENTU;PERINGATAN TERTULIS
447;Pasal 29 ayat 3;PERDA NO. 8 TAHUN 2007;TERTIB TEMPAT DAN USAHA TERTENTU;PENYEGELAN
448;Pasal 29 ayat 3;PERDA NO. 8 TAHUN 2007;TERTIB TEMPAT DAN USAHA TERTENTU;PEMBONGKARAN
449;Pasal 29 ayat 3;PERDA NO. 8 TAHUN 2007;TERTIB TEMPAT DAN USAHA TERTENTU;PENYITAAN
450;Pasal 29 ayat 3;PERDA NO. 8 TAHUN 2007;TERTIB TEMPAT DAN USAHA TERTENTU;LAIN-LAIN
451;Pasal 30 ayat 1;PERDA NO. 8 TAHUN 2007;TERTIB TEMPAT DAN USAHA TERTENTU;TEGURAN LISAN
452;Pasal 30 ayat 1;PERDA NO. 8 TAHUN 2007;TERTIB TEMPAT DAN USAHA TERTENTU;PERINGATAN TERTULIS
453;Pasal 30 ayat 1;PERDA NO. 8 TAHUN 2007;TERTIB TEMPAT DAN USAHA TERTENTU;PENYEGELAN
454;Pasal 30 ayat 1;PERDA NO. 8 TAHUN 2007;TERTIB TEMPAT DAN USAHA TERTENTU;PEMBONGKARAN
455;Pasal 30 ayat 1;PERDA NO. 8 TAHUN 2007;TERTIB TEMPAT DAN USAHA TERTENTU;PENYITAAN
456;Pasal 30 ayat 1;PERDA NO. 8 TAHUN 2007;TERTIB TEMPAT DAN USAHA TERTENTU;LAIN-LAIN
457;Pasal 31 ayat 1;PERDA NO. 8 TAHUN 2007;TERTIB TEMPAT DAN USAHA TERTENTU;TEGURAN LISAN
458;Pasal 31 ayat 2;PERDA NO. 8 TAHUN 2007;TERTIB TEMPAT DAN USAHA TERTENTU;PERINGATAN TERTULIS
459;Pasal 31 ayat 3;PERDA NO. 8 TAHUN 2007;TERTIB TEMPAT DAN USAHA TERTENTU;PENYEGELAN
460;Pasal 31 ayat 1;PERDA NO. 8 TAHUN 2007;TERTIB TEMPAT DAN USAHA TERTENTU;PEMBONGKARAN
461;Pasal 31 ayat 2;PERDA NO. 8 TAHUN 2007;TERTIB TEMPAT DAN USAHA TERTENTU;PENYITAAN
462;Pasal 31 ayat 3;PERDA NO. 8 TAHUN 2007;TERTIB TEMPAT DAN USAHA TERTENTU;LAIN-LAIN
463;Pasal 31 ayat 1;PERDA NO. 8 TAHUN 2007;TERTIB TEMPAT DAN USAHA TERTENTU;TEGURAN LISAN
464;Pasal 31 ayat 2;PERDA NO. 8 TAHUN 2007;TERTIB TEMPAT DAN USAHA TERTENTU;PERINGATAN TERTULIS
465;Pasal 31 ayat 3;PERDA NO. 8 TAHUN 2007;TERTIB TEMPAT DAN USAHA TERTENTU;PENYEGELAN
466;Pasal 31 ayat 1;PERDA NO. 8 TAHUN 2007;TERTIB TEMPAT DAN USAHA TERTENTU;PEMBONGKARAN
467;Pasal 31 ayat 2;PERDA NO. 8 TAHUN 2007;TERTIB TEMPAT DAN USAHA TERTENTU;PENYITAAN
468;Pasal 31 ayat 3;PERDA NO. 8 TAHUN 2007;TERTIB TEMPAT DAN USAHA TERTENTU;LAIN-LAIN
469;Pasal 31 ayat 1;PERDA NO. 8 TAHUN 2007;TERTIB TEMPAT DAN USAHA TERTENTU;TEGURAN LISAN
470;Pasal 31 ayat 2;PERDA NO. 8 TAHUN 2007;TERTIB TEMPAT DAN USAHA TERTENTU;PERINGATAN TERTULIS
471;Pasal 31 ayat 3;PERDA NO. 8 TAHUN 2007;TERTIB TEMPAT DAN USAHA TERTENTU;PENYEGELAN
472;Pasal 31 ayat 1;PERDA NO. 8 TAHUN 2007;TERTIB TEMPAT DAN USAHA TERTENTU;PEMBONGKARAN
473;Pasal 31 ayat 2;PERDA NO. 8 TAHUN 2007;TERTIB TEMPAT DAN USAHA TERTENTU;PENYITAAN
474;Pasal 31 ayat 3;PERDA NO. 8 TAHUN 2007;TERTIB TEMPAT DAN USAHA TERTENTU;LAIN-LAIN
475;Pasal 32;PERDA NO. 8 TAHUN 2007;TERTIB TEMPAT DAN USAHA TERTENTU;TEGURAN LISAN
476;Pasal 33;PERDA NO. 8 TAHUN 2007;TERTIB TEMPAT DAN USAHA TERTENTU;PERINGATAN TERTULIS
477;Pasal 34;PERDA NO. 8 TAHUN 2007;TERTIB TEMPAT DAN USAHA TERTENTU;PENYEGELAN
478;Pasal 35;PERDA NO. 8 TAHUN 2007;TERTIB TEMPAT DAN USAHA TERTENTU;PEMBONGKARAN
479;Pasal 32;PERDA NO. 8 TAHUN 2007;TERTIB TEMPAT DAN USAHA TERTENTU;PENYITAAN
480;Pasal 33;PERDA NO. 8 TAHUN 2007;TERTIB TEMPAT DAN USAHA TERTENTU;LAIN-LAIN
481;Pasal 34;PERDA NO. 8 TAHUN 2007;TERTIB TEMPAT DAN USAHA TERTENTU;TEGURAN LISAN
482;Pasal 35;PERDA NO. 8 TAHUN 2007;TERTIB TEMPAT DAN USAHA TERTENTU;PERINGATAN TERTULIS
483;Pasal 32;PERDA NO. 8 TAHUN 2007;TERTIB TEMPAT DAN USAHA TERTENTU;PENYEGELAN
484;Pasal 33;PERDA NO. 8 TAHUN 2007;TERTIB TEMPAT DAN USAHA TERTENTU;PEMBONGKARAN
485;Pasal 34;PERDA NO. 8 TAHUN 2007;TERTIB TEMPAT DAN USAHA TERTENTU;PENYITAAN
486;Pasal 35;PERDA NO. 8 TAHUN 2007;TERTIB TEMPAT DAN USAHA TERTENTU;LAIN-LAIN
487;Pasal 32;PERDA NO. 8 TAHUN 2007;TERTIB TEMPAT DAN USAHA TERTENTU;TEGURAN LISAN
488;Pasal 33;PERDA NO. 8 TAHUN 2007;TERTIB TEMPAT DAN USAHA TERTENTU;PERINGATAN TERTULIS
489;Pasal 34;PERDA NO. 8 TAHUN 2007;TERTIB TEMPAT DAN USAHA TERTENTU;PENYEGELAN
490;Pasal 35;PERDA NO. 8 TAHUN 2007;TERTIB TEMPAT DAN USAHA TERTENTU;PEMBONGKARAN
491;Pasal 32;PERDA NO. 8 TAHUN 2007;TERTIB TEMPAT DAN USAHA TERTENTU;PENYITAAN
492;Pasal 33;PERDA NO. 8 TAHUN 2007;TERTIB TEMPAT DAN USAHA TERTENTU;LAIN-LAIN
493;Pasal 34;PERDA NO. 8 TAHUN 2007;TERTIB TEMPAT DAN USAHA TERTENTU;TEGURAN LISAN
494;Pasal 35;PERDA NO. 8 TAHUN 2007;TERTIB TEMPAT DAN USAHA TERTENTU;PERINGATAN TERTULIS
495;Pasal 32;PERDA NO. 8 TAHUN 2007;TERTIB TEMPAT DAN USAHA TERTENTU;PENYEGELAN
496;Pasal 33;PERDA NO. 8 TAHUN 2007;TERTIB TEMPAT DAN USAHA TERTENTU;PEMBONGKARAN
497;Pasal 34;PERDA NO. 8 TAHUN 2007;TERTIB TEMPAT DAN USAHA TERTENTU;PENYITAAN
498;Pasal 35;PERDA NO. 8 TAHUN 2007;TERTIB TEMPAT DAN USAHA TERTENTU;LAIN-LAIN
499;Pasal 36 ayat 1 huruf a;PERDA NO. 8 TAHUN 2007;TERTIB BANGUNAN;TEGURAN LISAN
500;Pasal 36 ayat 1 huruf b;PERDA NO. 8 TAHUN 2007;TERTIB BANGUNAN;PERINGATAN TERTULIS
501;Pasal 36 ayat 1 huruf c;PERDA NO. 8 TAHUN 2007;TERTIB BANGUNAN;PENYEGELAN
502;Pasal 36 ayat 1 huruf a;PERDA NO. 8 TAHUN 2007;TERTIB BANGUNAN;PEMBONGKARAN
503;Pasal 36 ayat 1 huruf b;PERDA NO. 8 TAHUN 2007;TERTIB BANGUNAN;PENYITAAN
504;Pasal 36 ayat 1 huruf c;PERDA NO. 8 TAHUN 2007;TERTIB BANGUNAN;DITERTIBKAN
505;Pasal 36 ayat 1 huruf a;PERDA NO. 8 TAHUN 2007;TERTIB BANGUNAN;BONGKAR SENDIRI
506;Pasal 36 ayat 1 huruf b;PERDA NO. 8 TAHUN 2007;TERTIB BANGUNAN;TERBIT IJIN
507;Pasal 36 ayat 1 huruf c;PERDA NO. 8 TAHUN 2007;TERTIB BANGUNAN;DIKEMBALIKAN
508;Pasal 36 ayat 1 huruf a;PERDA NO. 8 TAHUN 2007;TERTIB BANGUNAN;BELUM DITERBITKAN
509;Pasal 36 ayat 1 huruf b;PERDA NO. 8 TAHUN 2007;TERTIB BANGUNAN;LAIN-LAIN
510;Pasal 36 ayat 1 huruf c;PERDA NO. 8 TAHUN 2007;TERTIB BANGUNAN;TEGURAN LISAN
511;Pasal 36 ayat 1 huruf a;PERDA NO. 8 TAHUN 2007;TERTIB BANGUNAN;PERINGATAN TERTULIS
512;Pasal 36 ayat 1 huruf b;PERDA NO. 8 TAHUN 2007;TERTIB BANGUNAN;PENYEGELAN
513;Pasal 36 ayat 1 huruf c;PERDA NO. 8 TAHUN 2007;TERTIB BANGUNAN;PEMBONGKARAN
514;Pasal 36 ayat 1 huruf a;PERDA NO. 8 TAHUN 2007;TERTIB BANGUNAN;PENYITAAN
515;Pasal 36 ayat 1 huruf b;PERDA NO. 8 TAHUN 2007;TERTIB BANGUNAN;DITERTIBKAN
516;Pasal 36 ayat 1 huruf c;PERDA NO. 8 TAHUN 2007;TERTIB BANGUNAN;BONGKAR SENDIRI
517;Pasal 36 ayat 1 huruf a;PERDA NO. 8 TAHUN 2007;TERTIB BANGUNAN;TERBIT IJIN
518;Pasal 36 ayat 1 huruf b;PERDA NO. 8 TAHUN 2007;TERTIB BANGUNAN;DIKEMBALIKAN
519;Pasal 36 ayat 1 huruf c;PERDA NO. 8 TAHUN 2007;TERTIB BANGUNAN;BELUM DITERBITKAN
520;Pasal 36 ayat 1 huruf a;PERDA NO. 8 TAHUN 2007;TERTIB BANGUNAN;LAIN-LAIN
521;Pasal 36 ayat 1 huruf b;PERDA NO. 8 TAHUN 2007;TERTIB BANGUNAN;TEGURAN LISAN
522;Pasal 36 ayat 1 huruf c;PERDA NO. 8 TAHUN 2007;TERTIB BANGUNAN;PERINGATAN TERTULIS
523;Pasal 36 ayat 1 huruf a;PERDA NO. 8 TAHUN 2007;TERTIB BANGUNAN;PENYEGELAN
524;Pasal 36 ayat 1 huruf b;PERDA NO. 8 TAHUN 2007;TERTIB BANGUNAN;PEMBONGKARAN
525;Pasal 36 ayat 1 huruf c;PERDA NO. 8 TAHUN 2007;TERTIB BANGUNAN;PENYITAAN
526;Pasal 36 ayat 1 huruf a;PERDA NO. 8 TAHUN 2007;TERTIB BANGUNAN;DITERTIBKAN
527;Pasal 36 ayat 1 huruf b;PERDA NO. 8 TAHUN 2007;TERTIB BANGUNAN;BONGKAR SENDIRI
528;Pasal 36 ayat 1 huruf c;PERDA NO. 8 TAHUN 2007;TERTIB BANGUNAN;TERBIT IJIN
529;Pasal 36 ayat 1 huruf a;PERDA NO. 8 TAHUN 2007;TERTIB BANGUNAN;DIKEMBALIKAN
530;Pasal 36 ayat 1 huruf b;PERDA NO. 8 TAHUN 2007;TERTIB BANGUNAN;BELUM DITERBITKAN
531;Pasal 36 ayat 1 huruf c;PERDA NO. 8 TAHUN 2007;TERTIB BANGUNAN;LAIN-LAIN
532;Pasal 36 ayat 2;PERDA NO. 8 TAHUN 2007;TERTIB BANGUNAN;TEGURAN LISAN
533;Pasal 36 ayat 3;PERDA NO. 8 TAHUN 2007;TERTIB BANGUNAN;PERINGATAN TERTULIS
534;Pasal 36 ayat 2;PERDA NO. 8 TAHUN 2007;TERTIB BANGUNAN;PENYEGELAN
535;Pasal 36 ayat 3;PERDA NO. 8 TAHUN 2007;TERTIB BANGUNAN;PEMBONGKARAN
536;Pasal 36 ayat 2;PERDA NO. 8 TAHUN 2007;TERTIB BANGUNAN;PENYITAAN
537;Pasal 36 ayat 3;PERDA NO. 8 TAHUN 2007;TERTIB BANGUNAN;DITERTIBKAN
538;Pasal 36 ayat 2;PERDA NO. 8 TAHUN 2007;TERTIB BANGUNAN;BONGKAR SENDIRI
539;Pasal 36 ayat 3;PERDA NO. 8 TAHUN 2007;TERTIB BANGUNAN;TERBIT IJIN
540;Pasal 36 ayat 2;PERDA NO. 8 TAHUN 2007;TERTIB BANGUNAN;DIKEMBALIKAN
541;Pasal 36 ayat 3;PERDA NO. 8 TAHUN 2007;TERTIB BANGUNAN;BELUM DITERBITKAN
542;Pasal 36 ayat 2;PERDA NO. 8 TAHUN 2007;TERTIB BANGUNAN;LAIN-LAIN
543;Pasal 36 ayat 3;PERDA NO. 8 TAHUN 2007;TERTIB BANGUNAN;TEGURAN LISAN
544;Pasal 36 ayat 2;PERDA NO. 8 TAHUN 2007;TERTIB BANGUNAN;PERINGATAN TERTULIS
545;Pasal 36 ayat 3;PERDA NO. 8 TAHUN 2007;TERTIB BANGUNAN;PENYEGELAN
546;Pasal 36 ayat 2;PERDA NO. 8 TAHUN 2007;TERTIB BANGUNAN;PEMBONGKARAN
547;Pasal 36 ayat 3;PERDA NO. 8 TAHUN 2007;TERTIB BANGUNAN;PENYITAAN
548;Pasal 36 ayat 2;PERDA NO. 8 TAHUN 2007;TERTIB BANGUNAN;DITERTIBKAN
549;Pasal 36 ayat 3;PERDA NO. 8 TAHUN 2007;TERTIB BANGUNAN;BONGKAR SENDIRI
550;Pasal 36 ayat 2;PERDA NO. 8 TAHUN 2007;TERTIB BANGUNAN;TERBIT IJIN
551;Pasal 36 ayat 3;PERDA NO. 8 TAHUN 2007;TERTIB BANGUNAN;DIKEMBALIKAN
552;Pasal 36 ayat 2;PERDA NO. 8 TAHUN 2007;TERTIB BANGUNAN;BELUM DITERBITKAN
553;Pasal 36 ayat 3;PERDA NO. 8 TAHUN 2007;TERTIB BANGUNAN;LAIN-LAIN
554;Pasal 37 ayat 1;PERDA NO. 8 TAHUN 2007;TERTIB BANGUNAN;TEGURAN LISAN
555;Pasal 37 ayat 2;PERDA NO. 8 TAHUN 2007;TERTIB BANGUNAN;PERINGATAN TERTULIS
556;Pasal 37 ayat 1;PERDA NO. 8 TAHUN 2007;TERTIB BANGUNAN;PENYEGELAN
557;Pasal 37 ayat 2;PERDA NO. 8 TAHUN 2007;TERTIB BANGUNAN;PEMBONGKARAN
558;Pasal 37 ayat 1;PERDA NO. 8 TAHUN 2007;TERTIB BANGUNAN;PENYITAAN
559;Pasal 37 ayat 2;PERDA NO. 8 TAHUN 2007;TERTIB BANGUNAN;DITERTIBKAN
560;Pasal 37 ayat 1;PERDA NO. 8 TAHUN 2007;TERTIB BANGUNAN;BONGKAR SENDIRI
561;Pasal 37 ayat 2;PERDA NO. 8 TAHUN 2007;TERTIB BANGUNAN;TERBIT IJIN
562;Pasal 37 ayat 1;PERDA NO. 8 TAHUN 2007;TERTIB BANGUNAN;DIKEMBALIKAN
563;Pasal 37 ayat 2;PERDA NO. 8 TAHUN 2007;TERTIB BANGUNAN;BELUM DITERBITKAN
564;Pasal 37 ayat 1;PERDA NO. 8 TAHUN 2007;TERTIB BANGUNAN;LAIN-LAIN
565;Pasal 37 ayat 2;PERDA NO. 8 TAHUN 2007;TERTIB BANGUNAN;TEGURAN LISAN
566;Pasal 37 ayat 1;PERDA NO. 8 TAHUN 2007;TERTIB BANGUNAN;PERINGATAN TERTULIS
567;Pasal 37 ayat 2;PERDA NO. 8 TAHUN 2007;TERTIB BANGUNAN;PENYEGELAN
568;Pasal 37 ayat 1;PERDA NO. 8 TAHUN 2007;TERTIB BANGUNAN;PEMBONGKARAN
569;Pasal 37 ayat 2;PERDA NO. 8 TAHUN 2007;TERTIB BANGUNAN;PENYITAAN
570;Pasal 37 ayat 1;PERDA NO. 8 TAHUN 2007;TERTIB BANGUNAN;DITERTIBKAN
571;Pasal 37 ayat 2;PERDA NO. 8 TAHUN 2007;TERTIB BANGUNAN;BONGKAR SENDIRI
572;Pasal 37 ayat 1;PERDA NO. 8 TAHUN 2007;TERTIB BANGUNAN;TERBIT IJIN
573;Pasal 37 ayat 2;PERDA NO. 8 TAHUN 2007;TERTIB BANGUNAN;DIKEMBALIKAN
574;Pasal 37 ayat 1;PERDA NO. 8 TAHUN 2007;TERTIB BANGUNAN;BELUM DITERBITKAN
575;Pasal 37 ayat 2;PERDA NO. 8 TAHUN 2007;TERTIB BANGUNAN;LAIN-LAIN
576;Pasal 38 ayat a;PERDA NO. 8 TAHUN 2007;TERTIB BANGUNAN;TEGURAN LISAN
577;Pasal 38 ayat b;PERDA NO. 8 TAHUN 2007;TERTIB BANGUNAN;PERINGATAN TERTULIS
578;Pasal 38 ayat a;PERDA NO. 8 TAHUN 2007;TERTIB BANGUNAN;PENYEGELAN
579;Pasal 38 ayat b;PERDA NO. 8 TAHUN 2007;TERTIB BANGUNAN;PEMBONGKARAN
580;Pasal 38 ayat a;PERDA NO. 8 TAHUN 2007;TERTIB BANGUNAN;PENYITAAN
581;Pasal 38 ayat b;PERDA NO. 8 TAHUN 2007;TERTIB BANGUNAN;DITERTIBKAN
582;Pasal 38 ayat a;PERDA NO. 8 TAHUN 2007;TERTIB BANGUNAN;BONGKAR SENDIRI
583;Pasal 38 ayat b;PERDA NO. 8 TAHUN 2007;TERTIB BANGUNAN;TERBIT IJIN
584;Pasal 38 ayat a;PERDA NO. 8 TAHUN 2007;TERTIB BANGUNAN;DIKEMBALIKAN
585;Pasal 38 ayat b;PERDA NO. 8 TAHUN 2007;TERTIB BANGUNAN;BELUM DITERBITKAN
586;Pasal 38 ayat a;PERDA NO. 8 TAHUN 2007;TERTIB BANGUNAN;LAIN-LAIN
587;Pasal 38 ayat b;PERDA NO. 8 TAHUN 2007;TERTIB BANGUNAN;TEGURAN LISAN
588;Pasal 38 ayat a;PERDA NO. 8 TAHUN 2007;TERTIB BANGUNAN;PERINGATAN TERTULIS
589;Pasal 38 ayat b;PERDA NO. 8 TAHUN 2007;TERTIB BANGUNAN;PENYEGELAN
590;Pasal 38 ayat a;PERDA NO. 8 TAHUN 2007;TERTIB BANGUNAN;PEMBONGKARAN
591;Pasal 38 ayat b;PERDA NO. 8 TAHUN 2007;TERTIB BANGUNAN;PENYITAAN
592;Pasal 38 ayat a;PERDA NO. 8 TAHUN 2007;TERTIB BANGUNAN;DITERTIBKAN
593;Pasal 38 ayat b;PERDA NO. 8 TAHUN 2007;TERTIB BANGUNAN;BONGKAR SENDIRI
594;Pasal 38 ayat a;PERDA NO. 8 TAHUN 2007;TERTIB BANGUNAN;TERBIT IJIN
595;Pasal 38 ayat b;PERDA NO. 8 TAHUN 2007;TERTIB BANGUNAN;DIKEMBALIKAN
596;Pasal 38 ayat a;PERDA NO. 8 TAHUN 2007;TERTIB BANGUNAN;BELUM DITERBITKAN
597;Pasal 38 ayat b;PERDA NO. 8 TAHUN 2007;TERTIB BANGUNAN;LAIN-LAIN
598;Pasal 38 huruf c;PERDA NO. 8 TAHUN 2007;TERTIB BANGUNAN;TEGURAN LISAN
599;Pasal 38 huruf c;PERDA NO. 8 TAHUN 2007;TERTIB BANGUNAN;PERINGATAN TERTULIS
600;Pasal 38 huruf c;PERDA NO. 8 TAHUN 2007;TERTIB BANGUNAN;PENYEGELAN
601;Pasal 38 huruf c;PERDA NO. 8 TAHUN 2007;TERTIB BANGUNAN;PEMBONGKARAN
602;Pasal 38 huruf c;PERDA NO. 8 TAHUN 2007;TERTIB BANGUNAN;PENYITAAN
603;Pasal 38 huruf c;PERDA NO. 8 TAHUN 2007;TERTIB BANGUNAN;DITERTIBKAN
604;Pasal 38 huruf c;PERDA NO. 8 TAHUN 2007;TERTIB BANGUNAN;BONGKAR SENDIRI
605;Pasal 38 huruf c;PERDA NO. 8 TAHUN 2007;TERTIB BANGUNAN;TERBIT IJIN
606;Pasal 38 huruf c;PERDA NO. 8 TAHUN 2007;TERTIB BANGUNAN;DIKEMBALIKAN
607;Pasal 38 huruf c;PERDA NO. 8 TAHUN 2007;TERTIB BANGUNAN;BELUM DITERBITKAN
608;Pasal 38 huruf c;PERDA NO. 8 TAHUN 2007;TERTIB BANGUNAN;LAIN-LAIN
609;Pasal 39 ayat 1;PERDA NO. 8 TAHUN 2007;TERTIB SOSIAL;TEGURAN LISAN
610;Pasal 39 ayat 1;PERDA NO. 8 TAHUN 2007;TERTIB SOSIAL;PERINGATAN TERTULIS
611;Pasal 39 ayat 1;PERDA NO. 8 TAHUN 2007;TERTIB SOSIAL;PENYEGELAN
612;Pasal 39 ayat 1;PERDA NO. 8 TAHUN 2007;TERTIB SOSIAL;PENYITAAN
613;Pasal 39 ayat 1;PERDA NO. 8 TAHUN 2007;TERTIB SOSIAL;PENJEMPUTAN
614;Pasal 39 ayat 1;PERDA NO. 8 TAHUN 2007;TERTIB SOSIAL;LAIN-LAIN
615;Pasal 40 huruf a;PERDA NO. 8 TAHUN 2007;TERTIB SOSIAL;TEGURAN LISAN
616;Pasal 40 huruf b;PERDA NO. 8 TAHUN 2007;TERTIB SOSIAL;PERINGATAN TERTULIS
617;Pasal 40 huruf c;PERDA NO. 8 TAHUN 2007;TERTIB SOSIAL;PENYEGELAN
618;Pasal 40 huruf a;PERDA NO. 8 TAHUN 2007;TERTIB SOSIAL;PENYITAAN
619;Pasal 40 huruf b;PERDA NO. 8 TAHUN 2007;TERTIB SOSIAL;PENJEMPUTAN
620;Pasal 40 huruf c;PERDA NO. 8 TAHUN 2007;TERTIB SOSIAL;LAIN-LAIN
621;Pasal 40 huruf a;PERDA NO. 8 TAHUN 2007;TERTIB SOSIAL;TEGURAN LISAN
622;Pasal 40 huruf b;PERDA NO. 8 TAHUN 2007;TERTIB SOSIAL;PERINGATAN TERTULIS
623;Pasal 40 huruf c;PERDA NO. 8 TAHUN 2007;TERTIB SOSIAL;PENYEGELAN
624;Pasal 40 huruf a;PERDA NO. 8 TAHUN 2007;TERTIB SOSIAL;PENYITAAN
625;Pasal 40 huruf b;PERDA NO. 8 TAHUN 2007;TERTIB SOSIAL;PENJEMPUTAN
626;Pasal 40 huruf c;PERDA NO. 8 TAHUN 2007;TERTIB SOSIAL;LAIN-LAIN
627;Pasal 40 huruf a;PERDA NO. 8 TAHUN 2007;TERTIB SOSIAL;TEGURAN LISAN
628;Pasal 40 huruf b;PERDA NO. 8 TAHUN 2007;TERTIB SOSIAL;PERINGATAN TERTULIS
629;Pasal 40 huruf c;PERDA NO. 8 TAHUN 2007;TERTIB SOSIAL;PENYEGELAN
630;Pasal 40 huruf a;PERDA NO. 8 TAHUN 2007;TERTIB SOSIAL;PENYITAAN
631;Pasal 40 huruf b;PERDA NO. 8 TAHUN 2007;TERTIB SOSIAL;PENJEMPUTAN
632;Pasal 40 huruf c;PERDA NO. 8 TAHUN 2007;TERTIB SOSIAL;LAIN-LAIN
633;Pasal 41;PERDA NO. 8 TAHUN 2007;TERTIB SOSIAL;TEGURAN LISAN
634;Pasal 41;PERDA NO. 8 TAHUN 2007;TERTIB SOSIAL;PERINGATAN TERTULIS
635;Pasal 41;PERDA NO. 8 TAHUN 2007;TERTIB SOSIAL;PENYEGELAN
636;Pasal 41;PERDA NO. 8 TAHUN 2007;TERTIB SOSIAL;PENYITAAN
637;Pasal 41;PERDA NO. 8 TAHUN 2007;TERTIB SOSIAL;PENJEMPUTAN
638;Pasal 41;PERDA NO. 8 TAHUN 2007;TERTIB SOSIAL;LAIN-LAIN
639;Pasal 42 ayat 1;PERDA NO. 8 TAHUN 2007;TERTIB SOSIAL;TEGURAN LISAN
640;Pasal 42 ayat 1;PERDA NO. 8 TAHUN 2007;TERTIB SOSIAL;PERINGATAN TERTULIS
641;Pasal 42 ayat 1;PERDA NO. 8 TAHUN 2007;TERTIB SOSIAL;PENYEGELAN
642;Pasal 42 ayat 1;PERDA NO. 8 TAHUN 2007;TERTIB SOSIAL;PENYITAAN
643;Pasal 42 ayat 1;PERDA NO. 8 TAHUN 2007;TERTIB SOSIAL;PENJEMPUTAN
644;Pasal 42 ayat 1;PERDA NO. 8 TAHUN 2007;TERTIB SOSIAL;LAIN-LAIN
645;Pasal 42 ayat 2 huruf a;PERDA NO. 8 TAHUN 2007;TERTIB SOSIAL;TEGURAN LISAN
646;Pasal 42 ayat 2 huruf b;PERDA NO. 8 TAHUN 2007;TERTIB SOSIAL;PERINGATAN TERTULIS
647;Pasal 42 ayat 2 huruf c;PERDA NO. 8 TAHUN 2007;TERTIB SOSIAL;PENYEGELAN
648;Pasal 42 ayat 2 huruf a;PERDA NO. 8 TAHUN 2007;TERTIB SOSIAL;PENYITAAN
649;Pasal 42 ayat 2 huruf b;PERDA NO. 8 TAHUN 2007;TERTIB SOSIAL;PENJEMPUTAN
650;Pasal 42 ayat 2 huruf c;PERDA NO. 8 TAHUN 2007;TERTIB SOSIAL;LAIN-LAIN
651;Pasal 42 ayat 2 huruf a;PERDA NO. 8 TAHUN 2007;TERTIB SOSIAL;TEGURAN LISAN
652;Pasal 42 ayat 2 huruf b;PERDA NO. 8 TAHUN 2007;TERTIB SOSIAL;PERINGATAN TERTULIS
653;Pasal 42 ayat 2 huruf c;PERDA NO. 8 TAHUN 2007;TERTIB SOSIAL;PENYEGELAN
654;Pasal 42 ayat 2 huruf a;PERDA NO. 8 TAHUN 2007;TERTIB SOSIAL;PENYITAAN
655;Pasal 42 ayat 2 huruf b;PERDA NO. 8 TAHUN 2007;TERTIB SOSIAL;PENJEMPUTAN
656;Pasal 42 ayat 2 huruf c;PERDA NO. 8 TAHUN 2007;TERTIB SOSIAL;LAIN-LAIN
657;Pasal 42 ayat 2 huruf a;PERDA NO. 8 TAHUN 2007;TERTIB SOSIAL;TEGURAN LISAN
658;Pasal 42 ayat 2 huruf b;PERDA NO. 8 TAHUN 2007;TERTIB SOSIAL;PERINGATAN TERTULIS
659;Pasal 42 ayat 2 huruf c;PERDA NO. 8 TAHUN 2007;TERTIB SOSIAL;PENYEGELAN
660;Pasal 42 ayat 2 huruf a;PERDA NO. 8 TAHUN 2007;TERTIB SOSIAL;PENYITAAN
661;Pasal 42 ayat 2 huruf b;PERDA NO. 8 TAHUN 2007;TERTIB SOSIAL;PENJEMPUTAN
662;Pasal 42 ayat 2 huruf c;PERDA NO. 8 TAHUN 2007;TERTIB SOSIAL;LAIN-LAIN
663;Pasal 43;PERDA NO. 8 TAHUN 2007;TERTIB SOSIAL;TEGURAN LISAN
664;Pasal 44;PERDA NO. 8 TAHUN 2007;TERTIB SOSIAL;PERINGATAN TERTULIS
665;Pasal 45;PERDA NO. 8 TAHUN 2007;TERTIB SOSIAL;PENYEGELAN
666;Pasal 43;PERDA NO. 8 TAHUN 2007;TERTIB SOSIAL;PENYITAAN
667;Pasal 44;PERDA NO. 8 TAHUN 2007;TERTIB SOSIAL;PENJEMPUTAN
668;Pasal 45;PERDA NO. 8 TAHUN 2007;TERTIB SOSIAL;LAIN-LAIN
669;Pasal 43;PERDA NO. 8 TAHUN 2007;TERTIB SOSIAL;TEGURAN LISAN
670;Pasal 44;PERDA NO. 8 TAHUN 2007;TERTIB SOSIAL;PERINGATAN TERTULIS
671;Pasal 45;PERDA NO. 8 TAHUN 2007;TERTIB SOSIAL;PENYEGELAN
672;Pasal 43;PERDA NO. 8 TAHUN 2007;TERTIB SOSIAL;PENYITAAN
673;Pasal 44;PERDA NO. 8 TAHUN 2007;TERTIB SOSIAL;PENJEMPUTAN
674;Pasal 45;PERDA NO. 8 TAHUN 2007;TERTIB SOSIAL;LAIN-LAIN
675;Pasal 43;PERDA NO. 8 TAHUN 2007;TERTIB SOSIAL;TEGURAN LISAN
676;Pasal 44;PERDA NO. 8 TAHUN 2007;TERTIB SOSIAL;PERINGATAN TERTULIS
677;Pasal 45;PERDA NO. 8 TAHUN 2007;TERTIB SOSIAL;PENYEGELAN
678;Pasal 43;PERDA NO. 8 TAHUN 2007;TERTIB SOSIAL;PENYITAAN
679;Pasal 44;PERDA NO. 8 TAHUN 2007;TERTIB SOSIAL;PENJEMPUTAN
680;Pasal 45;PERDA NO. 8 TAHUN 2007;TERTIB SOSIAL;LAIN-LAIN
681;Pasal 47 ayat 1 huruf a;PERDA NO. 8 TAHUN 2007;TERTIB KESEHATAN;TEGURAN LISAN
682;Pasal 47 ayat 1 huruf b;PERDA NO. 8 TAHUN 2007;TERTIB KESEHATAN;PERINGATAN TERTULIS
683;Pasal 47 ayat 1 huruf c;PERDA NO. 8 TAHUN 2007;TERTIB KESEHATAN;PENYEGELAN
684;Pasal 47 ayat 1 huruf a;PERDA NO. 8 TAHUN 2007;TERTIB KESEHATAN;PENJEMPUTAN
685;Pasal 47 ayat 1 huruf b;PERDA NO. 8 TAHUN 2007;TERTIB KESEHATAN;LAIN-LAIN
686;Pasal 47 ayat 1 huruf c;PERDA NO. 8 TAHUN 2007;TERTIB KESEHATAN;TEGURAN LISAN
687;Pasal 47 ayat 1 huruf a;PERDA NO. 8 TAHUN 2007;TERTIB KESEHATAN;PERINGATAN TERTULIS
688;Pasal 47 ayat 1 huruf b;PERDA NO. 8 TAHUN 2007;TERTIB KESEHATAN;PENYEGELAN
689;Pasal 47 ayat 1 huruf c;PERDA NO. 8 TAHUN 2007;TERTIB KESEHATAN;PENJEMPUTAN
690;Pasal 47 ayat 1 huruf a;PERDA NO. 8 TAHUN 2007;TERTIB KESEHATAN;LAIN-LAIN
691;Pasal 47 ayat 1 huruf b;PERDA NO. 8 TAHUN 2007;TERTIB KESEHATAN;TEGURAN LISAN
692;Pasal 47 ayat 1 huruf c;PERDA NO. 8 TAHUN 2007;TERTIB KESEHATAN;PERINGATAN TERTULIS
693;Pasal 47 ayat 1 huruf a;PERDA NO. 8 TAHUN 2007;TERTIB KESEHATAN;PENYEGELAN
694;Pasal 47 ayat 1 huruf b;PERDA NO. 8 TAHUN 2007;TERTIB KESEHATAN;PENJEMPUTAN
695;Pasal 47 ayat 1 huruf c;PERDA NO. 8 TAHUN 2007;TERTIB KESEHATAN;LAIN-LAIN
696;Pasal 48 ayat 1;PERDA NO. 8 TAHUN 2007;TERTIB TEMPAT HIBURAN DAN KERAMAIAN;TEGURAN LISAN
697;Pasal 48 ayat 2;PERDA NO. 8 TAHUN 2007;TERTIB TEMPAT HIBURAN DAN KERAMAIAN;PERINGATAN TERTULIS
698;Pasal 48 ayat 3;PERDA NO. 8 TAHUN 2007;TERTIB TEMPAT HIBURAN DAN KERAMAIAN;PENYEGELAN
699;Pasal 48 ayat 1;PERDA NO. 8 TAHUN 2007;TERTIB TEMPAT HIBURAN DAN KERAMAIAN;PENGHENTIAN KEGIATAN
700;Pasal 48 ayat 2;PERDA NO. 8 TAHUN 2007;TERTIB TEMPAT HIBURAN DAN KERAMAIAN;LAIN-LAIN
701;Pasal 48 ayat 3;PERDA NO. 8 TAHUN 2007;TERTIB TEMPAT HIBURAN DAN KERAMAIAN;TEGURAN LISAN
702;Pasal 48 ayat 1;PERDA NO. 8 TAHUN 2007;TERTIB TEMPAT HIBURAN DAN KERAMAIAN;PERINGATAN TERTULIS
703;Pasal 48 ayat 2;PERDA NO. 8 TAHUN 2007;TERTIB TEMPAT HIBURAN DAN KERAMAIAN;PENYEGELAN
704;Pasal 48 ayat 3;PERDA NO. 8 TAHUN 2007;TERTIB TEMPAT HIBURAN DAN KERAMAIAN;PENGHENTIAN KEGIATAN
705;Pasal 48 ayat 1;PERDA NO. 8 TAHUN 2007;TERTIB TEMPAT HIBURAN DAN KERAMAIAN;LAIN-LAIN
706;Pasal 48 ayat 2;PERDA NO. 8 TAHUN 2007;TERTIB TEMPAT HIBURAN DAN KERAMAIAN;TEGURAN LISAN
707;Pasal 48 ayat 3;PERDA NO. 8 TAHUN 2007;TERTIB TEMPAT HIBURAN DAN KERAMAIAN;PERINGATAN TERTULIS
708;Pasal 48 ayat 1;PERDA NO. 8 TAHUN 2007;TERTIB TEMPAT HIBURAN DAN KERAMAIAN;PENYEGELAN
709;Pasal 48 ayat 2;PERDA NO. 8 TAHUN 2007;TERTIB TEMPAT HIBURAN DAN KERAMAIAN;PENGHENTIAN KEGIATAN
710;Pasal 48 ayat 3;PERDA NO. 8 TAHUN 2007;TERTIB TEMPAT HIBURAN DAN KERAMAIAN;LAIN-LAIN
711;Pasal 49;PERDA NO. 8 TAHUN 2007;TERTIB TEMPAT HIBURAN DAN KERAMAIAN;TEGURAN LISAN
712;Pasal 51;PERDA NO. 8 TAHUN 2007;TERTIB TEMPAT HIBURAN DAN KERAMAIAN;PERINGATAN TERTULIS
713;Pasal 49;PERDA NO. 8 TAHUN 2007;TERTIB TEMPAT HIBURAN DAN KERAMAIAN;PENYEGELAN
714;Pasal 51;PERDA NO. 8 TAHUN 2007;TERTIB TEMPAT HIBURAN DAN KERAMAIAN;PENGHENTIAN KEGIATAN
715;Pasal 49;PERDA NO. 8 TAHUN 2007;TERTIB TEMPAT HIBURAN DAN KERAMAIAN;LAIN-LAIN
716;Pasal 51;PERDA NO. 8 TAHUN 2007;TERTIB TEMPAT HIBURAN DAN KERAMAIAN;TEGURAN LISAN
717;Pasal 49;PERDA NO. 8 TAHUN 2007;TERTIB TEMPAT HIBURAN DAN KERAMAIAN;PERINGATAN TERTULIS
718;Pasal 51;PERDA NO. 8 TAHUN 2007;TERTIB TEMPAT HIBURAN DAN KERAMAIAN;PENYEGELAN
719;Pasal 49;PERDA NO. 8 TAHUN 2007;TERTIB TEMPAT HIBURAN DAN KERAMAIAN;PENGHENTIAN KEGIATAN
720;Pasal 51;PERDA NO. 8 TAHUN 2007;TERTIB TEMPAT HIBURAN DAN KERAMAIAN;LAIN-LAIN
721;Pasal 52 ayat 1;PERDA NO. 8 TAHUN 2007;TERTIB PERAN SERTA MASYARAKAT;TEGURAN LISAN
722;Pasal 52 ayat 3;PERDA NO. 8 TAHUN 2007;TERTIB PERAN SERTA MASYARAKAT; PERINGATAN TERTULIS
723;Pasal 52 ayat 1;PERDA NO. 8 TAHUN 2007;TERTIB PERAN SERTA MASYARAKAT;PENCOPOTAN/ PELEPASAN/ PENCABUTAN
724;Pasal 52 ayat 3;PERDA NO. 8 TAHUN 2007;TERTIB PERAN SERTA MASYARAKAT; LAIN-LAIN
725;Pasal 52 ayat 1;PERDA NO. 8 TAHUN 2007;TERTIB PERAN SERTA MASYARAKAT;TEGURAN LISAN
726;Pasal 52 ayat 3;PERDA NO. 8 TAHUN 2007;TERTIB PERAN SERTA MASYARAKAT; PERINGATAN TERTULIS
727;Pasal 52 ayat 1;PERDA NO. 8 TAHUN 2007;TERTIB PERAN SERTA MASYARAKAT;PENCOPOTAN/ PELEPASAN/ PENCABUTAN
728;Pasal 52 ayat 3;PERDA NO. 8 TAHUN 2007;TERTIB PERAN SERTA MASYARAKAT; LAIN-LAIN
729;Pasal 53;PERDA NO. 8 TAHUN 2007;TERTIB PERAN SERTA MASYARAKAT;TEGURAN LISAN
730;Pasal 53;PERDA NO. 8 TAHUN 2007;TERTIB PERAN SERTA MASYARAKAT; PERINGATAN TERTULIS
731;Pasal 53;PERDA NO. 8 TAHUN 2007;TERTIB PERAN SERTA MASYARAKAT;PENCOPOTAN/ PELEPASAN/ PENCABUTAN
732;Pasal 53;PERDA NO. 8 TAHUN 2007;TERTIB PERAN SERTA MASYARAKAT; LAIN-LAIN
733;Pasal 54 ayat 1;PERDA NO. 8 TAHUN 2007;TERTIB PERAN SERTA MASYARAKAT;TEGURAN LISAN
734;Pasal 54 ayat 2;PERDA NO. 8 TAHUN 2007;TERTIB PERAN SERTA MASYARAKAT; PERINGATAN TERTULIS
735;Pasal 54 ayat 1;PERDA NO. 8 TAHUN 2007;TERTIB PERAN SERTA MASYARAKAT;PENCOPOTAN/ PELEPASAN/ PENCABUTAN
736;Pasal 54 ayat 2;PERDA NO. 8 TAHUN 2007;TERTIB PERAN SERTA MASYARAKAT; LAIN-LAIN
737;Pasal 54 ayat 1;PERDA NO. 8 TAHUN 2007;TERTIB PERAN SERTA MASYARAKAT;TEGURAN LISAN
738;Pasal 54 ayat 2;PERDA NO. 8 TAHUN 2007;TERTIB PERAN SERTA MASYARAKAT; PERINGATAN TERTULIS
739;Pasal 54 ayat 1;PERDA NO. 8 TAHUN 2007;TERTIB PERAN SERTA MASYARAKAT;PENCOPOTAN/ PELEPASAN/ PENCABUTAN
740;Pasal 54 ayat 2;PERDA NO. 8 TAHUN 2007;TERTIB PERAN SERTA MASYARAKAT; LAIN-LAIN
741;Pasal 55;PERDA NO. 8 TAHUN 2007;TERTIB PERAN SERTA MASYARAKAT;TEGURAN LISAN
742;Pasal 56;PERDA NO. 8 TAHUN 2007;TERTIB PERAN SERTA MASYARAKAT; PERINGATAN TERTULIS
743;Pasal 55;PERDA NO. 8 TAHUN 2007;TERTIB PERAN SERTA MASYARAKAT;PENCOPOTAN/ PELEPASAN/ PENCABUTAN
744;Pasal 56;PERDA NO. 8 TAHUN 2007;TERTIB PERAN SERTA MASYARAKAT; LAIN-LAIN
745;Pasal 55;PERDA NO. 8 TAHUN 2007;TERTIB PERAN SERTA MASYARAKAT;TEGURAN LISAN
746;Pasal 56;PERDA NO. 8 TAHUN 2007;TERTIB PERAN SERTA MASYARAKAT; PERINGATAN TERTULIS
747;Pasal 55;PERDA NO. 8 TAHUN 2007;TERTIB PERAN SERTA MASYARAKAT;PENCOPOTAN/ PELEPASAN/ PENCABUTAN
748;Pasal 56;PERDA NO. 8 TAHUN 2007;TERTIB PERAN SERTA MASYARAKAT; LAIN-LAIN
749;Pasal 57 ayat 1;PERDA NO. 8 TAHUN 2007;TERTIB PERAN SERTA MASYARAKAT;TEGURAN LISAN
750;Pasal 57 ayat 2;PERDA NO. 8 TAHUN 2007;TERTIB PERAN SERTA MASYARAKAT; PERINGATAN TERTULIS
751;Pasal 57 ayat 3;PERDA NO. 8 TAHUN 2007;TERTIB PERAN SERTA MASYARAKAT;PENCOPOTAN/ PELEPASAN/ PENCABUTAN
752;Pasal 57 ayat 4;PERDA NO. 8 TAHUN 2007;TERTIB PERAN SERTA MASYARAKAT; LAIN-LAIN
753;Pasal 57 ayat 1;PERDA NO. 8 TAHUN 2007;TERTIB PERAN SERTA MASYARAKAT;TEGURAN LISAN
754;Pasal 57 ayat 2;PERDA NO. 8 TAHUN 2007;TERTIB PERAN SERTA MASYARAKAT; PERINGATAN TERTULIS
755;Pasal 57 ayat 3;PERDA NO. 8 TAHUN 2007;TERTIB PERAN SERTA MASYARAKAT;PENCOPOTAN/ PELEPASAN/ PENCABUTAN
756;Pasal 57 ayat 4;PERDA NO. 8 TAHUN 2007;TERTIB PERAN SERTA MASYARAKAT; LAIN-LAIN
757;Pasal 57 ayat 1;PERDA NO. 8 TAHUN 2007;TERTIB PERAN SERTA MASYARAKAT;TEGURAN LISAN
758;Pasal 57 ayat 2;PERDA NO. 8 TAHUN 2007;TERTIB PERAN SERTA MASYARAKAT; PERINGATAN TERTULIS
759;Pasal 57 ayat 3;PERDA NO. 8 TAHUN 2007;TERTIB PERAN SERTA MASYARAKAT;PENCOPOTAN/ PELEPASAN/ PENCABUTAN
760;Pasal 57 ayat 4;PERDA NO. 8 TAHUN 2007;TERTIB PERAN SERTA MASYARAKAT; LAIN-LAIN
761;Pasal 57 ayat 1;PERDA NO. 8 TAHUN 2007;TERTIB PERAN SERTA MASYARAKAT;TEGURAN LISAN
762;Pasal 57 ayat 2;PERDA NO. 8 TAHUN 2007;TERTIB PERAN SERTA MASYARAKAT; PERINGATAN TERTULIS
763;Pasal 57 ayat 3;PERDA NO. 8 TAHUN 2007;TERTIB PERAN SERTA MASYARAKAT;PENCOPOTAN/ PELEPASAN/ PENCABUTAN
764;Pasal 57 ayat 4;PERDA NO. 8 TAHUN 2007;TERTIB PERAN SERTA MASYARAKAT; LAIN-LAIN
765;Pasal 11 huruf a-i;PERDA NO. 9 TAHUN 2014;TERTIB PENYELENGGARAAN REKLAME;PEMBERITAHUN TERTULIS
766;Pasal 11 huruf a-i;PERDA NO. 9 TAHUN 2014;TERTIB PENYELENGGARAAN REKLAME;PERINGATAN TERTULIS
767;Pasal 11 huruf a-i;PERDA NO. 9 TAHUN 2014;TERTIB PENYELENGGARAAN REKLAME;PENYEGELAN
768;Pasal 11 huruf a-i;PERDA NO. 9 TAHUN 2014;TERTIB PENYELENGGARAAN REKLAME;PEMBONGKARAN
769;Pasal 11 huruf a-i;PERDA NO. 9 TAHUN 2014;TERTIB PENYELENGGARAAN REKLAME;LAIN-LAIN
770;Pasal 12 ayat 1 huruf a;PERDA NO. 9 TAHUN 2014;TERTIB PENYELENGGARAAN REKLAME;PEMBERITAHUN TERTULIS
771;Pasal 12 ayat 1 huruf b;PERDA NO. 9 TAHUN 2014;TERTIB PENYELENGGARAAN REKLAME;PERINGATAN TERTULIS
772;Pasal 12 ayat 1 huruf c;PERDA NO. 9 TAHUN 2014;TERTIB PENYELENGGARAAN REKLAME;PENYEGELAN
773;Pasal 12 ayat 1 huruf a;PERDA NO. 9 TAHUN 2014;TERTIB PENYELENGGARAAN REKLAME;PEMBONGKARAN
774;Pasal 12 ayat 1 huruf b;PERDA NO. 9 TAHUN 2014;TERTIB PENYELENGGARAAN REKLAME;LAIN-LAIN
775;Pasal 12 ayat 1 huruf c;PERDA NO. 9 TAHUN 2014;TERTIB PENYELENGGARAAN REKLAME;PEMBERITAHUN TERTULIS
776;Pasal 12 ayat 1 huruf a;PERDA NO. 9 TAHUN 2014;TERTIB PENYELENGGARAAN REKLAME;PERINGATAN TERTULIS
777;Pasal 12 ayat 1 huruf b;PERDA NO. 9 TAHUN 2014;TERTIB PENYELENGGARAAN REKLAME;PENYEGELAN
778;Pasal 12 ayat 1 huruf c;PERDA NO. 9 TAHUN 2014;TERTIB PENYELENGGARAAN REKLAME;PEMBONGKARAN
779;Pasal 12 ayat 1 huruf a;PERDA NO. 9 TAHUN 2014;TERTIB PENYELENGGARAAN REKLAME;LAIN-LAIN
780;Pasal 12 ayat 1 huruf b;PERDA NO. 9 TAHUN 2014;TERTIB PENYELENGGARAAN REKLAME;PEMBERITAHUN TERTULIS
781;Pasal 12 ayat 1 huruf c;PERDA NO. 9 TAHUN 2014;TERTIB PENYELENGGARAAN REKLAME;PERINGATAN TERTULIS
782;Pasal 12 ayat 1 huruf a;PERDA NO. 9 TAHUN 2014;TERTIB PENYELENGGARAAN REKLAME;PENYEGELAN
783;Pasal 12 ayat 1 huruf b;PERDA NO. 9 TAHUN 2014;TERTIB PENYELENGGARAAN REKLAME;PEMBONGKARAN
784;Pasal 12 ayat 1 huruf c;PERDA NO. 9 TAHUN 2014;TERTIB PENYELENGGARAAN REKLAME;LAIN-LAIN
785;Pasal 12 ayat 2;PERDA NO. 9 TAHUN 2014;TERTIB PENYELENGGARAAN REKLAME;PEMBERITAHUN TERTULIS
786;Pasal 12 ayat 3;PERDA NO. 9 TAHUN 2014;TERTIB PENYELENGGARAAN REKLAME;PERINGATAN TERTULIS
787;Pasal 12 ayat 4;PERDA NO. 9 TAHUN 2014;TERTIB PENYELENGGARAAN REKLAME;PENYEGELAN
788;Pasal 12 ayat 5;PERDA NO. 9 TAHUN 2014;TERTIB PENYELENGGARAAN REKLAME;PEMBONGKARAN
789;Pasal 12 ayat 2;PERDA NO. 9 TAHUN 2014;TERTIB PENYELENGGARAAN REKLAME;LAIN-LAIN
790;Pasal 12 ayat 3;PERDA NO. 9 TAHUN 2014;TERTIB PENYELENGGARAAN REKLAME;PEMBERITAHUN TERTULIS
791;Pasal 12 ayat 4;PERDA NO. 9 TAHUN 2014;TERTIB PENYELENGGARAAN REKLAME;PERINGATAN TERTULIS
792;Pasal 12 ayat 5;PERDA NO. 9 TAHUN 2014;TERTIB PENYELENGGARAAN REKLAME;PENYEGELAN
793;Pasal 12 ayat 2;PERDA NO. 9 TAHUN 2014;TERTIB PENYELENGGARAAN REKLAME;PEMBONGKARAN
794;Pasal 12 ayat 3;PERDA NO. 9 TAHUN 2014;TERTIB PENYELENGGARAAN REKLAME;LAIN-LAIN
795;Pasal 12 ayat 4;PERDA NO. 9 TAHUN 2014;TERTIB PENYELENGGARAAN REKLAME;PEMBERITAHUN TERTULIS
796;Pasal 12 ayat 5;PERDA NO. 9 TAHUN 2014;TERTIB PENYELENGGARAAN REKLAME;PERINGATAN TERTULIS
797;Pasal 12 ayat 2;PERDA NO. 9 TAHUN 2014;TERTIB PENYELENGGARAAN REKLAME;PENYEGELAN
798;Pasal 12 ayat 3;PERDA NO. 9 TAHUN 2014;TERTIB PENYELENGGARAAN REKLAME;PEMBONGKARAN
799;Pasal 12 ayat 4;PERDA NO. 9 TAHUN 2014;TERTIB PENYELENGGARAAN REKLAME;LAIN-LAIN
800;Pasal 12 ayat 5;PERDA NO. 9 TAHUN 2014;TERTIB PENYELENGGARAAN REKLAME;PEMBERITAHUN TERTULIS
801;Pasal 12 ayat 2;PERDA NO. 9 TAHUN 2014;TERTIB PENYELENGGARAAN REKLAME;PERINGATAN TERTULIS
802;Pasal 12 ayat 3;PERDA NO. 9 TAHUN 2014;TERTIB PENYELENGGARAAN REKLAME;PENYEGELAN
803;Pasal 12 ayat 4;PERDA NO. 9 TAHUN 2014;TERTIB PENYELENGGARAAN REKLAME;PEMBONGKARAN
804;Pasal 12 ayat 5;PERDA NO. 9 TAHUN 2014;TERTIB PENYELENGGARAAN REKLAME;LAIN-LAIN
805;Pasal 32;PERDA NO. 9 TAHUN 2014;TERTIB PENYELENGGARAAN REKLAME;PEMBERITAHUN TERTULIS
806;Pasal 32;PERDA NO. 9 TAHUN 2014;TERTIB PENYELENGGARAAN REKLAME;PERINGATAN TERTULIS
807;Pasal 32;PERDA NO. 9 TAHUN 2014;TERTIB PENYELENGGARAAN REKLAME;PENYEGELAN
808;Pasal 32;PERDA NO. 9 TAHUN 2014;TERTIB PENYELENGGARAAN REKLAME;PEMBONGKARAN
809;Pasal 32;PERDA NO. 9 TAHUN 2014;TERTIB PENYELENGGARAAN REKLAME;LAIN-LAIN
810;Pasal 8 ayat 1 huruf a;PERDA NO. 2 TAHUN 2020;TERTIB PENGGUNAAN MASKER (PPKM);TEGURAN TERTULIS
811;Pasal 8 ayat 1 huruf a;PERDA NO. 2 TAHUN 2020;TERTIB PENGGUNAAN MASKER (PPKM);KERJA SOSIAL
812;Pasal 8 ayat 1 huruf a;PERDA NO. 2 TAHUN 2020;TERTIB PENGGUNAAN MASKER (PPKM);DENDA ADMINISTRASI
813;Pasal 11;PERDA NO. 2 TAHUN 2020;TERTIB PERKANTORAN / TEMPAT KERJA, TEMPAT USAHA, TEMPAT INDUSTRI, PERHOTELAN/ PENGINAPAN LAIN (PPKM);PEMBUBARAN KEGIATAN
814;Pasal 11;PERDA NO. 2 TAHUN 2020;TERTIB PERKANTORAN / TEMPAT KERJA, TEMPAT USAHA, TEMPAT INDUSTRI, PERHOTELAN/ PENGINAPAN LAIN (PPKM);TEGURAN LISAN
815;Pasal 11;PERDA NO. 2 TAHUN 2020;TERTIB PERKANTORAN / TEMPAT KERJA, TEMPAT USAHA, TEMPAT INDUSTRI, PERHOTELAN/ PENGINAPAN LAIN (PPKM);PENGHENTIAN KEGIATAN SEMENTARA 3X24 JAM
816;Pasal 11;PERDA NO. 2 TAHUN 2020;TERTIB PERKANTORAN / TEMPAT KERJA, TEMPAT USAHA, TEMPAT INDUSTRI, PERHOTELAN/ PENGINAPAN LAIN (PPKM);PENGHENTIAN KEGIATAN SEMENTARA 7X24 JAM
817;Pasal 11;PERDA NO. 2 TAHUN 2020;TERTIB PERKANTORAN / TEMPAT KERJA, TEMPAT USAHA, TEMPAT INDUSTRI, PERHOTELAN/ PENGINAPAN LAIN (PPKM);DENDA ADMINISTRASI
818;Pasal 11;PERDA NO. 2 TAHUN 2020;TERTIB PERKANTORAN / TEMPAT KERJA, TEMPAT USAHA, TEMPAT INDUSTRI, PERHOTELAN/ PENGINAPAN LAIN (PPKM);PEMBEKUAN SEMENTARA IZIN
819;Pasal 11;PERDA NO. 2 TAHUN 2020;TERTIB PERKANTORAN / TEMPAT KERJA, TEMPAT USAHA, TEMPAT INDUSTRI, PERHOTELAN/ PENGINAPAN LAIN (PPKM);PENCABUTAN IZIN
820;Pasal 11;PERDA NO. 2 TAHUN 2020;TERTIB PERKANTORAN / TEMPAT KERJA, TEMPAT USAHA, TEMPAT INDUSTRI, PERHOTELAN/ PENGINAPAN LAIN (PPKM);TIDAK DI TEMUKAN PELANGGARAN
821;Pasal 11 ayat 1;PERDA NO. 2 TAHUN 2020;TERTIB PERKANTORAN / TEMPAT KERJA, TEMPAT USAHA, TEMPAT INDUSTRI, PERHOTELAN/ PENGINAPAN LAIN (PPKM);PEMBUBARAN KEGIATAN
822;Pasal 11 ayat 1;PERDA NO. 2 TAHUN 2020;TERTIB PERKANTORAN / TEMPAT KERJA, TEMPAT USAHA, TEMPAT INDUSTRI, PERHOTELAN/ PENGINAPAN LAIN (PPKM);TEGURAN LISAN
823;Pasal 11 ayat 1;PERDA NO. 2 TAHUN 2020;TERTIB PERKANTORAN / TEMPAT KERJA, TEMPAT USAHA, TEMPAT INDUSTRI, PERHOTELAN/ PENGINAPAN LAIN (PPKM);PENGHENTIAN KEGIATAN SEMENTARA 3X24 JAM
824;Pasal 11 ayat 1;PERDA NO. 2 TAHUN 2020;TERTIB PERKANTORAN / TEMPAT KERJA, TEMPAT USAHA, TEMPAT INDUSTRI, PERHOTELAN/ PENGINAPAN LAIN (PPKM);PENGHENTIAN KEGIATAN SEMENTARA 7X24 JAM
825;Pasal 11 ayat 1;PERDA NO. 2 TAHUN 2020;TERTIB PERKANTORAN / TEMPAT KERJA, TEMPAT USAHA, TEMPAT INDUSTRI, PERHOTELAN/ PENGINAPAN LAIN (PPKM);DENDA ADMINISTRASI
826;Pasal 11 ayat 1;PERDA NO. 2 TAHUN 2020;TERTIB PERKANTORAN / TEMPAT KERJA, TEMPAT USAHA, TEMPAT INDUSTRI, PERHOTELAN/ PENGINAPAN LAIN (PPKM);PEMBEKUAN SEMENTARA IZIN
827;Pasal 11 ayat 1;PERDA NO. 2 TAHUN 2020;TERTIB PERKANTORAN / TEMPAT KERJA, TEMPAT USAHA, TEMPAT INDUSTRI, PERHOTELAN/ PENGINAPAN LAIN (PPKM);PENCABUTAN IZIN
828;Pasal 11 ayat 1;PERDA NO. 2 TAHUN 2020;TERTIB PERKANTORAN / TEMPAT KERJA, TEMPAT USAHA, TEMPAT INDUSTRI, PERHOTELAN/ PENGINAPAN LAIN (PPKM);TIDAK DI TEMUKAN PELANGGARAN
829;Pasal 15;PERDA NO. 2 TAHUN 2020;TERTIB WARUNG MAKAN, RUMAH MAKAN, KAFE ATAU RESTORAN (PPKM);PEMBUBARAN KEGIATAN
830;Pasal 15;PERDA NO. 2 TAHUN 2020;TERTIB WARUNG MAKAN, RUMAH MAKAN, KAFE ATAU RESTORAN (PPKM);TEGURAN LISAN
831;Pasal 15;PERDA NO. 2 TAHUN 2020;TERTIB WARUNG MAKAN, RUMAH MAKAN, KAFE ATAU RESTORAN (PPKM);PENGHENTIAN KEGIATAN SEMENTARA 1X24 JAM
832;Pasal 15;PERDA NO. 2 TAHUN 2020;TERTIB WARUNG MAKAN, RUMAH MAKAN, KAFE ATAU RESTORAN (PPKM);PENGHENTIAN KEGIATAN SEMENTARA 3X24 JAM
833;Pasal 15;PERDA NO. 2 TAHUN 2020;TERTIB WARUNG MAKAN, RUMAH MAKAN, KAFE ATAU RESTORAN (PPKM);PENGHENTIAN KEGIATAN SEMENTARA 7X24 JAM
834;Pasal 15;PERDA NO. 2 TAHUN 2020;TERTIB WARUNG MAKAN, RUMAH MAKAN, KAFE ATAU RESTORAN (PPKM);DENDA ADMINISTRASI
835;Pasal 15;PERDA NO. 2 TAHUN 2020;TERTIB WARUNG MAKAN, RUMAH MAKAN, KAFE ATAU RESTORAN (PPKM);PEMBEKUAN SEMENTARA IZIN
836;Pasal 15;PERDA NO. 2 TAHUN 2020;TERTIB WARUNG MAKAN, RUMAH MAKAN, KAFE ATAU RESTORAN (PPKM);PENCABUTAN IZIN
837;Pasal 15;PERDA NO. 2 TAHUN 2020;TERTIB WARUNG MAKAN, RUMAH MAKAN, KAFE ATAU RESTORAN (PPKM);TIDAK DI TEMUKAN PELANGGARAN
838;Pasal 15 ayat 1;PERDA NO. 2 TAHUN 2020;TERTIB WARUNG MAKAN, RUMAH MAKAN, KAFE ATAU RESTORAN (PPKM);PEMBUBARAN KEGIATAN
839;Pasal 15 ayat 1;PERDA NO. 2 TAHUN 2020;TERTIB WARUNG MAKAN, RUMAH MAKAN, KAFE ATAU RESTORAN (PPKM);TEGURAN LISAN
840;Pasal 15 ayat 1;PERDA NO. 2 TAHUN 2020;TERTIB WARUNG MAKAN, RUMAH MAKAN, KAFE ATAU RESTORAN (PPKM);PENGHENTIAN KEGIATAN SEMENTARA 1X24 JAM
841;Pasal 15 ayat 1;PERDA NO. 2 TAHUN 2020;TERTIB WARUNG MAKAN, RUMAH MAKAN, KAFE ATAU RESTORAN (PPKM);PENGHENTIAN KEGIATAN SEMENTARA 3X24 JAM
842;Pasal 15 ayat 1;PERDA NO. 2 TAHUN 2020;TERTIB WARUNG MAKAN, RUMAH MAKAN, KAFE ATAU RESTORAN (PPKM);PENGHENTIAN KEGIATAN SEMENTARA 7X24 JAM
843;Pasal 15 ayat 1;PERDA NO. 2 TAHUN 2020;TERTIB WARUNG MAKAN, RUMAH MAKAN, KAFE ATAU RESTORAN (PPKM);DENDA ADMINISTRASI
844;Pasal 15 ayat 1;PERDA NO. 2 TAHUN 2020;TERTIB WARUNG MAKAN, RUMAH MAKAN, KAFE ATAU RESTORAN (PPKM);PEMBEKUAN SEMENTARA IZIN
845;Pasal 15 ayat 1;PERDA NO. 2 TAHUN 2020;TERTIB WARUNG MAKAN, RUMAH MAKAN, KAFE ATAU RESTORAN (PPKM);PENCABUTAN IZIN
846;Pasal 15 ayat 1;PERDA NO. 2 TAHUN 2020;TERTIB WARUNG MAKAN, RUMAH MAKAN, KAFE ATAU RESTORAN (PPKM);TIDAK DI TEMUKAN PELANGGARAN
847;Pasal 16;PERDA NO. 2 TAHUN 2020;TERTIB PEDAGANG KAKI LIMA (PPKM);TEGURAN TERTULIS
848;Pasal 16;PERDA NO. 2 TAHUN 2020;TERTIB PEDAGANG KAKI LIMA (PPKM);PEMBUBARAN KEGIATAN
849;Pasal 16;PERDA NO. 2 TAHUN 2020;TERTIB PEDAGANG KAKI LIMA (PPKM);TIDAK DITEMUKAN PELANGGARAN
850;Pasal 16 ayat 1;PERDA NO. 2 TAHUN 2020;TERTIB PEDAGANG KAKI LIMA (PPKM);TEGURAN TERTULIS
851;Pasal 16 ayat 1;PERDA NO. 2 TAHUN 2020;TERTIB PEDAGANG KAKI LIMA (PPKM);PEMBUBARAN KEGIATAN
852;Pasal 16 ayat 1;PERDA NO. 2 TAHUN 2020;TERTIB PEDAGANG KAKI LIMA (PPKM);TIDAK DITEMUKAN PELANGGARAN
853;Pasal 18;PERDA NO. 2 TAHUN 2020;TERTIB AREA PUBLIK DAN TEMPAT LAINNYA (PPKM);TEGURAN TERTULIS
854;Pasal 18;PERDA NO. 2 TAHUN 2020;TERTIB AREA PUBLIK DAN TEMPAT LAINNYA (PPKM);PEMBUBARAN KEGIATAN
855;Pasal 18;PERDA NO. 2 TAHUN 2020;TERTIB AREA PUBLIK DAN TEMPAT LAINNYA (PPKM);TIDAK DITEMUKAN PELANGGARAN
856;Pasal 18 ayat 1;PERDA NO. 2 TAHUN 2020;TERTIB AREA PUBLIK DAN TEMPAT LAINNYA (PPKM);TEGURAN TERTULIS
857;Pasal 18 ayat 1;PERDA NO. 2 TAHUN 2020;TERTIB AREA PUBLIK DAN TEMPAT LAINNYA (PPKM);PEMBUBARAN KEGIATAN
858;Pasal 18 ayat 1;PERDA NO. 2 TAHUN 2020;TERTIB AREA PUBLIK DAN TEMPAT LAINNYA (PPKM);TIDAK DITEMUKAN PELANGGARAN
859;Pasal 13 ayat 1;PERDA NO. 2 TAHUN 2005;TERTIB KAWASAN DILARANG MEROKOK (KDM);PEMBERITAHUN TERTULIS
860;Pasal 13 ayat 1;PERDA NO. 2 TAHUN 2005;TERTIB KAWASAN DILARANG MEROKOK (KDM);PERINGATAN TERTULIS
861;Pasal 13 ayat 1;PERDA NO. 2 TAHUN 2005;TERTIB KAWASAN DILARANG MEROKOK (KDM);PENYEGELAN
862;Pasal 13 ayat 1;PERDA NO. 2 TAHUN 2005;TERTIB KAWASAN DILARANG MEROKOK (KDM);YANG LAINNYA
863;Pasal 13 ayat 2;PERDA NO. 2 TAHUN 2005;TERTIB KAWASAN DILARANG MEROKOK (KDM);PEMBERITAHUN TERTULIS
864;Pasal 13 ayat 2;PERDA NO. 2 TAHUN 2005;TERTIB KAWASAN DILARANG MEROKOK (KDM);PERINGATAN TERTULIS
865;Pasal 13 ayat 2;PERDA NO. 2 TAHUN 2005;TERTIB KAWASAN DILARANG MEROKOK (KDM);PENYEGELAN
866;Pasal 13 ayat 2;PERDA NO. 2 TAHUN 2005;TERTIB KAWASAN DILARANG MEROKOK (KDM);YANG LAINNYA
867;Pasal 127 ayat 2;PERDA NO. 3 TAHUN 2013;TERTIB PENGELOLAAN SAMPAH;DENDA ADMINISTRATIF
868;Pasal 127 ayat 3;PERDA NO. 3 TAHUN 2013;TERTIB PENGELOLAAN SAMPAH;DENDA ADMINISTRATIF
869;Pasal 128;PERDA NO. 3 TAHUN 2013;TERTIB PENGELOLAAN SAMPAH;DENDA ADMINISTRATIF
870;Pasal 129 ayat 1;PERDA NO. 3 TAHUN 2013;TERTIB PENGELOLAAN SAMPAH;DENDA ADMINISTRATIF
871;Pasal 129 ayat 2;PERDA NO. 3 TAHUN 2013;TERTIB PENGELOLAAN SAMPAH;DENDA ADMINISTRATIF
872;Pasal 129 ayat 3;PERDA NO. 3 TAHUN 2013;TERTIB PENGELOLAAN SAMPAH;DENDA ADMINISTRATIF
873;Pasal 130 ayat 1 huruf a;PERDA NO. 3 TAHUN 2013;TERTIB PENGELOLAAN SAMPAH;DENDA ADMINISTRATIF
874;Pasal 130 ayat 1 huruf b;PERDA NO. 3 TAHUN 2013;TERTIB PENGELOLAAN SAMPAH;DENDA ADMINISTRATIF
875;Pasal 130 ayat 1 huruf c;PERDA NO. 3 TAHUN 2013;TERTIB PENGELOLAAN SAMPAH;DENDA ADMINISTRATIF
876;Pasal 130 ayat 1 huruf d;PERDA NO. 3 TAHUN 2013;TERTIB PENGELOLAAN SAMPAH;DENDA ADMINISTRATIF
877;Pasal 130 ayat 1 huruf d;PERDA NO. 3 TAHUN 2013;TERTIB PENGELOLAAN SAMPAH;DENDA ADMINISTRATIF
